timestamp	zone	sensor	id	n_passages
2019-03-01 09:36:59	3	PIR	3	1
2019-03-01 09:37:32	3	PIR	3	1
2019-03-01 09:38:02	3	PIR	3	1
2019-03-01 09:38:27	3	PIR	3	1
2019-03-01 09:38:32	3	PIR	3	1
2019-03-01 09:38:45	3	PIR	3	1
2019-03-01 09:39:47	3	PIR	3	1
2019-03-01 09:41:04	3	PIR	3	1
2019-03-01 09:41:08	3	PIR	3	1
2019-03-01 09:41:12	3	PIR	3	1
2019-03-01 09:41:18	3	PIR	3	1
2019-03-01 09:41:23	3	PIR	3	1
2019-03-01 09:41:50	3	PIR	3	1
2019-03-01 09:41:54	3	PIR	3	1
2019-03-01 09:42:41	3	PIR	3	1
2019-03-01 09:42:48	3	PIR	3	1
2019-03-01 09:43:00	3	PIR	3	1
2019-03-01 09:43:24	3	PIR	3	1
2019-03-01 09:43:28	3	PIR	3	1
2019-03-01 09:43:45	3	PIR	3	1
2019-03-01 09:44:03	3	PIR	3	1
2019-03-01 09:44:09	3	PIR	3	1
2019-03-01 09:44:13	3	PIR	3	1
2019-03-01 09:44:29	3	PIR	3	1
2019-03-01 09:44:37	3	PIR	3	1
2019-03-01 09:44:41	3	PIR	3	1
2019-03-01 09:44:54	3	PIR	3	1
2019-03-01 09:45:00	3	PIR	3	1
2019-03-01 09:45:08	3	PIR	3	1
2019-03-01 10:17:08	3	PIR	3	1
2019-03-01 10:17:14	3	PIR	3	1
2019-03-01 10:17:39	3	PIR	3	1
2019-03-01 10:17:43	3	PIR	3	1
2019-03-01 10:18:55	3	PIR	3	1
2019-03-01 10:19:04	3	PIR	3	1
2019-03-01 10:19:09	3	PIR	3	1
2019-03-01 10:19:16	3	PIR	3	1
2019-03-01 10:19:23	3	PIR	3	1
2019-03-01 10:19:27	3	PIR	3	1
2019-03-01 10:19:34	3	PIR	3	1
2019-03-01 10:19:38	3	PIR	3	1
2019-03-01 10:19:46	3	PIR	3	1
2019-03-01 10:19:53	3	PIR	3	1
2019-03-01 10:20:00	3	PIR	3	1
2019-03-01 10:20:12	3	PIR	3	1
2019-03-01 10:20:16	3	PIR	3	1
2019-03-01 10:20:23	3	PIR	3	1
2019-03-01 10:20:42	3	PIR	3	1
2019-03-01 10:20:46	3	PIR	3	1
2019-03-01 10:20:52	3	PIR	3	1
2019-03-01 10:20:57	3	PIR	3	1
2019-03-01 10:21:01	3	PIR	3	1
2019-03-01 10:21:05	3	PIR	3	1
2019-03-01 10:21:25	3	PIR	3	1
2019-03-01 10:21:29	3	PIR	3	1
2019-03-01 10:21:36	3	PIR	3	1
2019-03-01 10:21:41	3	PIR	3	1
2019-03-01 10:21:47	3	PIR	3	1
2019-03-01 10:23:43	3	PIR	3	1
2019-03-01 10:23:48	3	PIR	3	1
2019-03-01 10:24:00	3	PIR	3	1
2019-03-01 10:24:04	3	PIR	3	1
2019-03-01 10:24:08	3	PIR	3	1
2019-03-01 10:24:15	3	PIR	3	1
2019-03-01 10:24:19	3	PIR	3	1
2019-03-01 10:24:25	3	PIR	3	1
2019-03-01 10:24:29	3	PIR	3	1
2019-03-01 10:24:35	3	PIR	3	1
2019-03-01 10:24:46	3	PIR	3	1
2019-03-01 10:24:50	3	PIR	3	1
2019-03-01 10:24:59	3	PIR	3	1
2019-03-01 10:25:06	3	PIR	3	1
2019-03-01 10:25:39	3	PIR	3	1
2019-03-01 10:25:44	3	PIR	3	1
2019-03-01 10:26:44	3	PIR	3	1
2019-03-01 10:26:51	3	PIR	3	1
2019-03-01 10:26:58	3	PIR	3	1
2019-03-01 10:27:04	3	PIR	3	1
2019-03-01 10:27:09	3	PIR	3	1
2019-03-01 10:27:13	3	PIR	3	1
2019-03-01 10:27:17	3	PIR	3	1
2019-03-01 10:27:23	3	PIR	3	1
2019-03-01 10:27:33	3	PIR	3	1
2019-03-01 10:27:37	3	PIR	3	1
2019-03-01 10:27:53	3	PIR	3	1
2019-03-01 10:28:17	3	PIR	3	1
2019-03-01 10:28:22	3	PIR	3	1
2019-03-01 10:28:29	3	PIR	3	1
2019-03-01 10:28:38	3	PIR	3	1
2019-03-01 10:28:44	3	PIR	3	1
2019-03-01 10:28:48	3	PIR	3	1
2019-03-01 10:28:52	3	PIR	3	1
2019-03-01 10:28:59	3	PIR	3	1
2019-03-01 10:29:55	3	PIR	3	1
2019-03-01 10:30:02	3	PIR	3	1
2019-03-01 10:30:09	3	PIR	3	1
2019-03-01 10:30:16	3	PIR	3	1
2019-03-01 10:30:20	3	PIR	3	1
2019-03-01 10:35:58	3	PIR	3	1
2019-03-01 10:36:02	3	PIR	3	1
2019-03-01 10:36:25	3	PIR	3	1
2019-03-01 10:36:29	3	PIR	3	1
2019-03-01 10:36:36	3	PIR	3	1
2019-03-01 10:42:42	3	PIR	3	1
2019-03-01 10:51:52	3	PIR	3	1
2019-03-01 10:51:56	3	PIR	3	1
2019-03-01 10:52:16	3	PIR	3	1
2019-03-01 10:52:42	3	PIR	3	1
2019-03-01 10:53:10	3	PIR	3	1
2019-03-01 10:54:38	3	PIR	3	1
2019-03-01 10:55:02	3	PIR	3	1
2019-03-01 10:55:09	3	PIR	3	1
2019-03-01 10:55:13	3	PIR	3	1
2019-03-01 10:55:17	3	PIR	3	1
2019-03-01 10:55:24	3	PIR	3	1
2019-03-01 10:58:33	3	PIR	3	1
2019-03-01 10:58:51	3	PIR	3	1
2019-03-01 10:59:02	3	PIR	3	1
2019-03-01 10:59:13	3	PIR	3	1
2019-03-01 10:59:17	3	PIR	3	1
2019-03-01 10:59:43	3	PIR	3	1
2019-03-01 10:59:49	3	PIR	3	1
2019-03-01 11:00:03	3	PIR	3	1
2019-03-01 11:01:35	3	PIR	3	1
2019-03-01 11:01:40	3	PIR	3	1
2019-03-01 11:01:46	3	PIR	3	1
2019-03-01 11:01:51	3	PIR	3	1
2019-03-01 11:01:57	3	PIR	3	1
2019-03-01 11:02:03	3	PIR	3	1
2019-03-01 11:02:09	3	PIR	3	1
2019-03-01 11:02:13	3	PIR	3	1
2019-03-01 11:02:22	3	PIR	3	1
2019-03-01 11:02:46	3	PIR	3	1
2019-03-01 11:02:51	3	PIR	3	1
2019-03-01 11:02:59	3	PIR	3	1
2019-03-01 11:03:49	3	PIR	3	1
2019-03-01 11:03:53	3	PIR	3	1
2019-03-01 11:05:30	3	PIR	3	1
2019-03-01 11:05:34	3	PIR	3	1
2019-03-01 11:05:38	3	PIR	3	1
2019-03-01 11:06:02	3	PIR	3	1
2019-03-01 11:07:19	3	PIR	3	1
2019-03-01 11:07:30	3	PIR	3	1
2019-03-01 11:07:37	3	PIR	3	1
2019-03-01 11:07:42	3	PIR	3	1
2019-03-01 11:07:46	3	PIR	3	1
2019-03-01 11:08:58	3	PIR	3	1
2019-03-01 11:09:15	3	PIR	3	1
2019-03-01 11:09:19	3	PIR	3	1
2019-03-01 11:10:48	3	PIR	3	1
2019-03-01 11:14:35	3	PIR	3	1
2019-03-01 11:14:47	3	PIR	3	1
2019-03-01 11:15:22	3	PIR	3	1
2019-03-01 11:15:26	3	PIR	3	1
2019-03-01 11:15:39	3	PIR	3	1
2019-03-01 11:15:59	3	PIR	3	1
2019-03-01 11:16:47	3	PIR	3	1
2019-03-01 11:17:07	3	PIR	3	1
2019-03-01 11:19:39	3	PIR	3	1
2019-03-01 11:20:51	3	PIR	3	1
2019-03-01 11:21:23	3	PIR	3	1
2019-03-01 11:21:55	3	PIR	3	1
2019-03-01 11:21:59	3	PIR	3	1
2019-03-01 11:22:06	3	PIR	3	1
2019-03-01 11:25:07	3	PIR	3	1
2019-03-01 11:26:14	3	PIR	3	1
2019-03-01 11:29:07	3	PIR	3	1
2019-03-01 11:29:11	3	PIR	3	1
2019-03-01 11:29:15	3	PIR	3	1
2019-03-01 11:29:19	3	PIR	3	1
2019-03-01 11:32:05	3	PIR	3	1
2019-03-01 11:32:21	3	PIR	3	1
2019-03-01 11:32:25	3	PIR	3	1
2019-03-01 11:32:34	3	PIR	3	1
2019-03-01 11:32:38	3	PIR	3	1
2019-03-01 11:32:43	3	PIR	3	1
2019-03-01 11:32:47	3	PIR	3	1
2019-03-01 11:33:13	3	PIR	3	1
2019-03-01 11:33:20	3	PIR	3	1
2019-03-01 11:33:26	3	PIR	3	1
2019-03-01 11:33:30	3	PIR	3	1
2019-03-01 11:33:38	3	PIR	3	1
2019-03-01 11:33:42	3	PIR	3	1
2019-03-01 11:34:36	3	PIR	3	1
2019-03-01 11:34:43	3	PIR	3	1
2019-03-01 11:36:00	3	PIR	3	1
2019-03-01 11:36:07	3	PIR	3	1
2019-03-01 11:36:20	3	PIR	3	1
2019-03-01 11:36:24	3	PIR	3	1
2019-03-01 11:37:06	3	PIR	3	1
2019-03-01 11:38:17	3	PIR	3	1
2019-03-01 11:40:20	3	PIR	3	1
2019-03-01 11:40:32	3	PIR	3	1
2019-03-01 11:40:36	3	PIR	3	1
2019-03-01 11:45:12	3	PIR	3	1
2019-03-01 11:56:54	3	PIR	3	1
2019-03-01 11:57:17	3	PIR	3	1
2019-03-01 12:03:33	3	PIR	3	1
2019-03-01 12:03:39	3	PIR	3	1
2019-03-01 12:03:43	3	PIR	3	1
2019-03-01 12:03:47	3	PIR	3	1
2019-03-01 12:04:16	3	PIR	3	1
2019-03-01 12:04:23	3	PIR	3	1
2019-03-01 12:04:27	3	PIR	3	1
2019-03-01 12:04:33	3	PIR	3	1
2019-03-01 12:04:38	3	PIR	3	1
2019-03-01 12:04:42	3	PIR	3	1
2019-03-01 12:07:28	3	PIR	3	1
2019-03-01 12:07:37	3	PIR	3	1
2019-03-01 12:07:42	3	PIR	3	1
2019-03-01 12:20:31	3	PIR	3	1
2019-03-01 12:20:35	3	PIR	3	1
2019-03-01 12:20:39	3	PIR	3	1
2019-03-01 12:20:46	3	PIR	3	1
2019-03-01 12:20:50	3	PIR	3	1
2019-03-01 12:21:09	3	PIR	3	1
2019-03-01 12:21:13	3	PIR	3	1
2019-03-01 12:21:17	3	PIR	3	1
2019-03-01 12:21:24	3	PIR	3	1
2019-03-01 12:21:32	3	PIR	3	1
2019-03-01 12:21:42	3	PIR	3	1
2019-03-01 12:21:46	3	PIR	3	1
2019-03-01 12:21:54	3	PIR	3	1
2019-03-01 12:21:58	3	PIR	3	1
2019-03-01 12:22:02	3	PIR	3	1
2019-03-01 12:23:03	3	PIR	3	1
2019-03-01 12:23:10	3	PIR	3	1
2019-03-01 12:23:14	3	PIR	3	1
2019-03-01 12:23:18	3	PIR	3	1
2019-03-01 12:23:22	3	PIR	3	1
2019-03-01 12:24:06	3	PIR	3	1
2019-03-01 12:24:13	3	PIR	3	1
2019-03-01 12:24:51	3	PIR	3	1
2019-03-01 12:24:59	3	PIR	3	1
2019-03-01 12:25:55	3	PIR	3	1
2019-03-01 12:26:02	3	PIR	3	1
2019-03-01 12:26:07	3	PIR	3	1
2019-03-01 12:26:11	3	PIR	3	1
2019-03-01 12:26:20	3	PIR	3	1
2019-03-01 12:26:25	3	PIR	3	1
2019-03-01 12:26:30	3	PIR	3	1
2019-03-01 12:26:40	3	PIR	3	1
2019-03-01 12:27:40	3	PIR	3	1
2019-03-01 12:27:44	3	PIR	3	1
2019-03-01 12:28:11	3	PIR	3	1
2019-03-01 12:28:15	3	PIR	3	1
2019-03-01 12:28:57	3	PIR	3	1
2019-03-01 12:29:02	3	PIR	3	1
2019-03-01 12:29:12	3	PIR	3	1
2019-03-01 12:29:16	3	PIR	3	1
2019-03-01 12:31:10	3	PIR	3	1
2019-03-01 12:31:17	3	PIR	3	1
2019-03-01 12:31:25	3	PIR	3	1
2019-03-01 12:31:44	3	PIR	3	1
2019-03-01 12:31:52	3	PIR	3	1
2019-03-01 12:31:59	3	PIR	3	1
2019-03-01 12:32:06	3	PIR	3	1
2019-03-01 12:37:50	3	PIR	3	1
2019-03-01 12:38:00	3	PIR	3	1
2019-03-01 12:40:48	3	PIR	3	1
2019-03-01 12:43:38	3	PIR	3	1
2019-03-01 12:43:47	3	PIR	3	1
2019-03-01 12:43:52	3	PIR	3	1
2019-03-01 12:45:23	3	PIR	3	1
2019-03-01 12:45:51	3	PIR	3	1
2019-03-01 12:46:00	3	PIR	3	1
2019-03-01 12:46:04	3	PIR	3	1
2019-03-01 12:46:08	3	PIR	3	1
2019-03-01 12:46:39	3	PIR	3	1
2019-03-01 12:46:46	3	PIR	3	1
2019-03-01 12:46:50	3	PIR	3	1
2019-03-01 12:46:55	3	PIR	3	1
2019-03-01 12:47:02	3	PIR	3	1
2019-03-01 12:47:06	3	PIR	3	1
2019-03-01 12:47:10	3	PIR	3	1
2019-03-01 12:47:17	3	PIR	3	1
2019-03-01 12:47:22	3	PIR	3	1
2019-03-01 12:47:26	3	PIR	3	1
2019-03-01 12:47:33	3	PIR	3	1
2019-03-01 12:47:52	3	PIR	3	1
2019-03-01 12:47:59	3	PIR	3	1
2019-03-01 12:48:06	3	PIR	3	1
2019-03-01 12:49:21	3	PIR	3	1
2019-03-01 12:49:25	3	PIR	3	1
2019-03-01 12:49:33	3	PIR	3	1
2019-03-01 12:49:37	3	PIR	3	1
2019-03-01 12:49:44	3	PIR	3	1
2019-03-01 12:49:48	3	PIR	3	1
2019-03-01 12:49:55	3	PIR	3	1
2019-03-01 12:49:59	3	PIR	3	1
2019-03-01 12:50:05	3	PIR	3	1
2019-03-01 12:50:10	3	PIR	3	1
2019-03-01 12:50:24	3	PIR	3	1
2019-03-01 12:50:30	3	PIR	3	1
2019-03-01 12:50:36	3	PIR	3	1
2019-03-01 12:50:40	3	PIR	3	1
2019-03-01 12:50:47	3	PIR	3	1
2019-03-01 12:50:53	3	PIR	3	1
2019-03-01 12:50:57	3	PIR	3	1
2019-03-01 12:51:02	3	PIR	3	1
2019-03-01 12:51:08	3	PIR	3	1
2019-03-01 12:51:13	3	PIR	3	1
2019-03-01 12:51:20	3	PIR	3	1
2019-03-01 12:51:24	3	PIR	3	1
2019-03-01 12:51:30	3	PIR	3	1
2019-03-01 12:51:34	3	PIR	3	1
2019-03-01 12:51:40	3	PIR	3	1
2019-03-01 12:51:59	3	PIR	3	1
2019-03-01 12:52:03	3	PIR	3	1
2019-03-01 12:52:10	3	PIR	3	1
2019-03-01 12:52:15	3	PIR	3	1
2019-03-01 12:52:21	3	PIR	3	1
2019-03-01 12:52:25	3	PIR	3	1
2019-03-01 12:52:29	3	PIR	3	1
2019-03-01 12:52:36	3	PIR	3	1
2019-03-01 12:52:43	3	PIR	3	1
2019-03-01 12:52:47	3	PIR	3	1
2019-03-01 12:52:57	3	PIR	3	1
2019-03-01 12:53:05	3	PIR	3	1
2019-03-01 13:30:51	3	PIR	3	1
2019-03-01 14:32:53	3	PIR	3	1
2019-03-01 14:32:57	3	PIR	3	1
2019-03-01 15:36:33	3	PIR	3	1
2019-03-01 15:36:50	3	PIR	3	1
2019-03-01 15:36:57	3	PIR	3	1
2019-03-01 15:37:01	3	PIR	3	1
2019-03-01 15:37:10	3	PIR	3	1
2019-03-01 15:37:16	3	PIR	3	1
2019-03-01 15:37:32	3	PIR	3	1
2019-03-01 15:37:37	3	PIR	3	1
2019-03-01 15:37:43	3	PIR	3	1
2019-03-03 09:45:56	3	PIR	3	1
2019-03-03 09:46:00	3	PIR	3	1
2019-03-03 09:46:07	3	PIR	3	1
2019-03-03 09:46:13	3	PIR	3	1
2019-03-03 09:49:30	3	PIR	3	1
2019-03-03 09:49:46	3	PIR	3	1
2019-03-03 09:49:52	3	PIR	3	1
2019-03-04 08:19:13	3	PIR	3	1
2019-03-04 08:19:18	3	PIR	3	1
2019-03-04 08:19:22	3	PIR	3	1
2019-03-04 08:19:29	3	PIR	3	1
2019-03-04 08:19:34	3	PIR	3	1
2019-03-04 08:19:44	3	PIR	3	1
2019-03-04 08:19:51	3	PIR	3	1
2019-03-04 08:19:58	3	PIR	3	1
2019-03-04 08:20:02	3	PIR	3	1
2019-03-04 08:20:06	3	PIR	3	1
2019-03-04 08:24:50	3	PIR	3	1
2019-03-04 08:24:55	3	PIR	3	1
2019-03-04 08:25:00	3	PIR	3	1
2019-03-04 08:25:04	3	PIR	3	1
2019-03-04 08:25:08	3	PIR	3	1
2019-03-04 08:25:17	3	PIR	3	1
2019-03-04 08:28:19	3	PIR	3	1
2019-03-04 08:28:23	3	PIR	3	1
2019-03-04 08:28:28	3	PIR	3	1
2019-03-04 08:28:35	3	PIR	3	1
2019-03-04 08:28:43	3	PIR	3	1
2019-03-04 08:29:49	3	PIR	3	1
2019-03-04 08:29:53	3	PIR	3	1
2019-03-04 08:30:01	3	PIR	3	1
2019-03-04 08:30:07	3	PIR	3	1
2019-03-04 08:30:12	3	PIR	3	1
2019-03-04 08:30:18	3	PIR	3	1
2019-03-04 08:30:42	3	PIR	3	1
2019-03-04 08:30:46	3	PIR	3	1
2019-03-04 08:30:53	3	PIR	3	1
2019-03-04 08:30:57	3	PIR	3	1
2019-03-04 08:31:03	3	PIR	3	1
2019-03-04 08:31:07	3	PIR	3	1
2019-03-04 08:31:14	3	PIR	3	1
2019-03-04 08:31:19	3	PIR	3	1
2019-03-04 08:31:24	3	PIR	3	1
2019-03-04 08:31:28	3	PIR	3	1
2019-03-04 08:31:32	3	PIR	3	1
2019-03-04 08:31:56	3	PIR	3	1
2019-03-04 08:32:03	3	PIR	3	1
2019-03-04 08:32:08	3	PIR	3	1
2019-03-04 08:32:18	3	PIR	3	1
2019-03-04 08:32:22	3	PIR	3	1
2019-03-04 08:32:29	3	PIR	3	1
2019-03-04 08:32:33	3	PIR	3	1
2019-03-04 08:32:37	3	PIR	3	1
2019-03-04 08:32:47	3	PIR	3	1
2019-03-04 08:32:51	3	PIR	3	1
2019-03-04 08:32:56	3	PIR	3	1
2019-03-04 08:33:02	3	PIR	3	1
2019-03-04 08:33:18	3	PIR	3	1
2019-03-04 08:33:26	3	PIR	3	1
2019-03-04 08:35:50	3	PIR	3	1
2019-03-04 08:35:54	3	PIR	3	1
2019-03-04 08:35:58	3	PIR	3	1
2019-03-04 08:36:02	3	PIR	3	1
2019-03-04 09:06:16	3	PIR	3	1
2019-03-04 09:06:23	3	PIR	3	1
2019-03-04 09:10:51	3	PIR	3	1
2019-03-04 09:10:55	3	PIR	3	1
2019-03-04 09:10:59	3	PIR	3	1
2019-03-04 09:12:17	3	PIR	3	1
2019-03-04 09:12:21	3	PIR	3	1
2019-03-04 09:12:25	3	PIR	3	1
2019-03-04 09:12:29	3	PIR	3	1
2019-03-04 09:12:34	3	PIR	3	1
2019-03-04 09:12:39	3	PIR	3	1
2019-03-04 09:12:47	3	PIR	3	1
2019-03-04 09:12:51	3	PIR	3	1
2019-03-04 09:13:22	3	PIR	3	1
2019-03-04 09:20:24	3	PIR	3	1
2019-03-04 10:30:55	3	PIR	3	1
2019-03-04 10:31:12	3	PIR	3	1
2019-03-04 10:31:16	3	PIR	3	1
2019-03-04 10:31:27	3	PIR	3	1
2019-03-04 10:31:31	3	PIR	3	1
2019-03-04 10:33:03	3	PIR	3	1
2019-03-04 10:33:12	3	PIR	3	1
2019-03-04 10:33:16	3	PIR	3	1
2019-03-04 10:35:58	3	PIR	3	1
2019-03-04 10:36:02	3	PIR	3	1
2019-03-04 10:36:09	3	PIR	3	1
2019-03-04 10:36:52	3	PIR	3	1
2019-03-04 10:37:00	3	PIR	3	1
2019-03-04 12:29:39	3	PIR	3	1
2019-03-04 13:25:25	3	PIR	3	1
2019-03-04 13:25:29	3	PIR	3	1
2019-03-04 13:25:33	3	PIR	3	1
2019-03-04 14:28:30	3	PIR	3	1
2019-03-04 14:28:34	3	PIR	3	1
2019-03-04 14:28:38	3	PIR	3	1
2019-03-04 14:38:58	3	PIR	3	1
2019-03-04 14:41:22	3	PIR	3	1
2019-03-04 14:54:45	3	PIR	3	1
2019-03-04 15:02:32	3	PIR	3	1
2019-03-04 15:02:37	3	PIR	3	1
2019-03-04 15:02:41	3	PIR	3	1
2019-03-04 15:02:45	3	PIR	3	1
2019-03-04 15:02:52	3	PIR	3	1
2019-03-04 15:02:56	3	PIR	3	1
2019-03-04 17:34:25	3	PIR	3	1
2019-03-04 17:34:29	3	PIR	3	1
2019-03-04 17:34:36	3	PIR	3	1
2019-03-04 17:35:44	3	PIR	3	1
2019-03-04 17:35:48	3	PIR	3	1
2019-03-04 18:08:28	3	PIR	3	1
2019-03-04 18:08:33	3	PIR	3	1
2019-03-04 18:13:31	3	PIR	3	1
2019-03-04 18:13:38	3	PIR	3	1
2019-03-04 18:19:58	3	PIR	3	1
2019-03-04 18:20:02	3	PIR	3	1
2019-03-04 18:20:06	3	PIR	3	1
2019-03-04 18:20:10	3	PIR	3	1
2019-03-05 08:23:34	3	PIR	3	1
2019-03-05 08:23:38	3	PIR	3	1
2019-03-05 08:23:43	3	PIR	3	1
2019-03-05 08:23:48	3	PIR	3	1
2019-03-05 08:23:57	3	PIR	3	1
2019-03-05 08:24:01	3	PIR	3	1
2019-03-05 08:24:08	3	PIR	3	1
2019-03-05 08:27:08	3	PIR	3	1
2019-03-05 08:27:13	3	PIR	3	1
2019-03-05 08:27:17	3	PIR	3	1
2019-03-05 08:30:13	3	PIR	3	1
2019-03-05 08:30:17	3	PIR	3	1
2019-03-05 08:30:22	3	PIR	3	1
2019-03-05 08:30:26	3	PIR	3	1
2019-03-05 08:30:47	3	PIR	3	1
2019-03-05 08:30:51	3	PIR	3	1
2019-03-05 08:30:55	3	PIR	3	1
2019-03-05 08:30:59	3	PIR	3	1
2019-03-05 08:31:15	3	PIR	3	1
2019-03-05 08:31:21	3	PIR	3	1
2019-03-05 08:31:25	3	PIR	3	1
2019-03-05 08:32:17	3	PIR	3	1
2019-03-05 08:36:06	3	PIR	3	1
2019-03-05 08:36:10	3	PIR	3	1
2019-03-05 08:36:14	3	PIR	3	1
2019-03-05 08:37:38	3	PIR	3	1
2019-03-05 08:37:44	3	PIR	3	1
2019-03-05 08:37:49	3	PIR	3	1
2019-03-05 08:37:54	3	PIR	3	1
2019-03-05 08:37:58	3	PIR	3	1
2019-03-05 08:38:02	3	PIR	3	1
2019-03-05 08:38:08	3	PIR	3	1
2019-03-05 08:38:29	3	PIR	3	1
2019-03-05 08:38:34	3	PIR	3	1
2019-03-05 08:38:38	3	PIR	3	1
2019-03-05 08:38:46	3	PIR	3	1
2019-03-05 08:38:52	3	PIR	3	1
2019-03-05 08:38:57	3	PIR	3	1
2019-03-05 08:39:08	3	PIR	3	1
2019-03-05 08:39:16	3	PIR	3	1
2019-03-05 08:39:20	3	PIR	3	1
2019-03-05 08:39:29	3	PIR	3	1
2019-03-05 08:39:33	3	PIR	3	1
2019-03-05 08:39:37	3	PIR	3	1
2019-03-05 08:39:44	3	PIR	3	1
2019-03-05 08:39:54	3	PIR	3	1
2019-03-05 08:58:25	3	PIR	3	1
2019-03-05 08:58:31	3	PIR	3	1
2019-03-05 08:59:27	3	PIR	3	1
2019-03-05 08:59:31	3	PIR	3	1
2019-03-05 09:04:57	3	PIR	3	1
2019-03-05 09:05:03	3	PIR	3	1
2019-03-05 09:08:52	3	PIR	3	1
2019-03-05 09:08:56	3	PIR	3	1
2019-03-05 09:40:05	3	PIR	3	1
2019-03-05 09:40:12	3	PIR	3	1
2019-03-05 09:40:16	3	PIR	3	1
2019-03-05 09:40:20	3	PIR	3	1
2019-03-05 09:40:24	3	PIR	3	1
2019-03-05 09:40:29	3	PIR	3	1
2019-03-05 09:40:33	3	PIR	3	1
2019-03-05 09:40:39	3	PIR	3	1
2019-03-05 09:40:43	3	PIR	3	1
2019-03-05 09:40:50	3	PIR	3	1
2019-03-05 09:40:55	3	PIR	3	1
2019-03-05 09:40:59	3	PIR	3	1
2019-03-05 09:41:06	3	PIR	3	1
2019-03-05 09:41:11	3	PIR	3	1
2019-03-05 09:41:15	3	PIR	3	1
2019-03-05 09:41:26	3	PIR	3	1
2019-03-05 09:41:34	3	PIR	3	1
2019-03-05 09:41:39	3	PIR	3	1
2019-03-05 09:41:46	3	PIR	3	1
2019-03-05 09:41:50	3	PIR	3	1
2019-03-05 09:41:54	3	PIR	3	1
2019-03-05 09:41:58	3	PIR	3	1
2019-03-05 09:42:09	3	PIR	3	1
2019-03-05 09:42:19	3	PIR	3	1
2019-03-05 09:42:29	3	PIR	3	1
2019-03-05 09:42:33	3	PIR	3	1
2019-03-05 09:42:38	3	PIR	3	1
2019-03-05 09:42:44	3	PIR	3	1
2019-03-05 09:42:48	3	PIR	3	1
2019-03-05 09:42:56	3	PIR	3	1
2019-03-05 09:43:00	3	PIR	3	1
2019-03-05 09:43:04	3	PIR	3	1
2019-03-05 09:43:08	3	PIR	3	1
2019-03-05 09:43:18	3	PIR	3	1
2019-03-05 09:43:30	3	PIR	3	1
2019-03-05 09:43:37	3	PIR	3	1
2019-03-05 09:43:45	3	PIR	3	1
2019-03-05 09:43:50	3	PIR	3	1
2019-03-05 09:43:55	3	PIR	3	1
2019-03-05 09:43:59	3	PIR	3	1
2019-03-05 09:44:06	3	PIR	3	1
2019-03-05 09:44:12	3	PIR	3	1
2019-03-05 09:44:20	3	PIR	3	1
2019-03-05 09:44:25	3	PIR	3	1
2019-03-05 09:44:29	3	PIR	3	1
2019-03-05 09:44:38	3	PIR	3	1
2019-03-05 09:44:42	3	PIR	3	1
2019-03-05 09:44:49	3	PIR	3	1
2019-03-05 09:44:57	3	PIR	3	1
2019-03-05 09:45:01	3	PIR	3	1
2019-03-05 09:45:14	3	PIR	3	1
2019-03-05 09:45:18	3	PIR	3	1
2019-03-05 09:45:23	3	PIR	3	1
2019-03-05 09:45:27	3	PIR	3	1
2019-03-05 09:45:48	3	PIR	3	1
2019-03-05 09:45:52	3	PIR	3	1
2019-03-05 09:46:02	3	PIR	3	1
2019-03-05 09:46:06	3	PIR	3	1
2019-03-05 09:46:10	3	PIR	3	1
2019-03-05 09:46:14	3	PIR	3	1
2019-03-05 09:46:31	3	PIR	3	1
2019-03-05 09:46:35	3	PIR	3	1
2019-03-05 09:50:05	3	PIR	3	1
2019-03-05 09:50:15	3	PIR	3	1
2019-03-05 09:50:19	3	PIR	3	1
2019-03-05 09:50:30	3	PIR	3	1
2019-03-05 09:50:34	3	PIR	3	1
2019-03-05 09:50:38	3	PIR	3	1
2019-03-05 09:50:45	3	PIR	3	1
2019-03-05 10:23:19	3	PIR	3	1
2019-03-05 10:23:25	3	PIR	3	1
2019-03-05 10:43:17	3	PIR	3	1
2019-03-05 10:43:21	3	PIR	3	1
2019-03-05 11:12:30	3	PIR	3	1
2019-03-05 12:15:41	3	PIR	3	1
2019-03-05 12:15:47	3	PIR	3	1
2019-03-05 12:15:51	3	PIR	3	1
2019-03-05 12:15:55	3	PIR	3	1
2019-03-05 12:17:38	3	PIR	3	1
2019-03-05 12:17:47	3	PIR	3	1
2019-03-05 12:54:17	3	PIR	3	1
2019-03-05 12:54:21	3	PIR	3	1
2019-03-05 12:54:28	3	PIR	3	1
2019-03-05 13:12:31	3	PIR	3	1
2019-03-05 13:12:35	3	PIR	3	1
2019-03-05 13:12:39	3	PIR	3	1
2019-03-05 13:13:56	3	PIR	3	1
2019-03-05 13:14:01	3	PIR	3	1
2019-03-05 13:14:05	3	PIR	3	1
2019-03-05 13:14:09	3	PIR	3	1
2019-03-05 13:21:37	3	PIR	3	1
2019-03-05 13:24:08	3	PIR	3	1
2019-03-05 13:34:51	3	PIR	3	1
2019-03-05 13:44:49	3	PIR	3	1
2019-03-05 13:52:06	3	PIR	3	1
2019-03-05 13:52:12	3	PIR	3	1
2019-03-05 14:00:12	3	PIR	3	1
2019-03-05 14:13:54	3	PIR	3	1
2019-03-05 14:13:58	3	PIR	3	1
2019-03-05 14:14:02	3	PIR	3	1
2019-03-05 14:14:09	3	PIR	3	1
2019-03-05 14:14:13	3	PIR	3	1
2019-03-05 14:14:19	3	PIR	3	1
2019-03-05 14:14:55	3	PIR	3	1
2019-03-05 14:15:08	3	PIR	3	1
2019-03-05 14:15:12	3	PIR	3	1
2019-03-05 14:15:17	3	PIR	3	1
2019-03-05 14:15:27	3	PIR	3	1
2019-03-05 14:15:31	3	PIR	3	1
2019-03-05 14:15:38	3	PIR	3	1
2019-03-05 14:15:42	3	PIR	3	1
2019-03-05 14:15:46	3	PIR	3	1
2019-03-05 14:15:55	3	PIR	3	1
2019-03-05 14:16:04	3	PIR	3	1
2019-03-05 14:16:08	3	PIR	3	1
2019-03-05 14:16:14	3	PIR	3	1
2019-03-05 14:16:18	3	PIR	3	1
2019-03-05 14:16:24	3	PIR	3	1
2019-03-05 14:16:31	3	PIR	3	1
2019-03-05 14:16:35	3	PIR	3	1
2019-03-05 14:16:39	3	PIR	3	1
2019-03-05 14:16:56	3	PIR	3	1
2019-03-05 14:17:03	3	PIR	3	1
2019-03-05 14:17:07	3	PIR	3	1
2019-03-05 14:17:14	3	PIR	3	1
2019-03-05 14:17:21	3	PIR	3	1
2019-03-05 14:17:33	3	PIR	3	1
2019-03-05 14:17:37	3	PIR	3	1
2019-03-05 14:17:41	3	PIR	3	1
2019-03-05 14:17:45	3	PIR	3	1
2019-03-05 14:17:52	3	PIR	3	1
2019-03-05 14:18:18	3	PIR	3	1
2019-03-05 14:18:27	3	PIR	3	1
2019-03-05 14:18:38	3	PIR	3	1
2019-03-05 14:19:00	3	PIR	3	1
2019-03-05 14:19:15	3	PIR	3	1
2019-03-05 14:19:19	3	PIR	3	1
2019-03-05 14:19:29	3	PIR	3	1
2019-03-05 14:19:41	3	PIR	3	1
2019-03-05 14:19:45	3	PIR	3	1
2019-03-05 14:19:49	3	PIR	3	1
2019-03-05 14:19:56	3	PIR	3	1
2019-03-05 14:23:50	3	PIR	3	1
2019-03-05 14:23:56	3	PIR	3	1
2019-03-05 14:24:00	3	PIR	3	1
2019-03-05 14:25:41	3	PIR	3	1
2019-03-05 14:42:48	3	PIR	3	1
2019-03-05 14:42:54	3	PIR	3	1
2019-03-05 14:43:29	3	PIR	3	1
2019-03-05 14:53:11	3	PIR	3	1
2019-03-05 14:53:15	3	PIR	3	1
2019-03-05 14:53:19	3	PIR	3	1
2019-03-05 14:53:24	3	PIR	3	1
2019-03-05 14:53:52	3	PIR	3	1
2019-03-05 14:53:56	3	PIR	3	1
2019-03-05 14:55:11	3	PIR	3	1
2019-03-05 14:55:15	3	PIR	3	1
2019-03-05 14:55:21	3	PIR	3	1
2019-03-05 14:58:13	3	PIR	3	1
2019-03-05 14:59:42	3	PIR	3	1
2019-03-05 14:59:46	3	PIR	3	1
2019-03-05 15:01:39	3	PIR	3	1
2019-03-05 15:48:22	3	PIR	3	1
2019-03-05 15:48:28	3	PIR	3	1
2019-03-05 15:57:40	3	PIR	3	1
2019-03-05 16:08:11	3	PIR	3	1
2019-03-05 16:08:18	3	PIR	3	1
2019-03-05 16:11:40	3	PIR	3	1
2019-03-05 16:11:47	3	PIR	3	1
2019-03-05 16:11:51	3	PIR	3	1
2019-03-05 16:18:25	3	PIR	3	1
2019-03-05 16:33:53	3	PIR	3	1
2019-03-05 16:33:57	3	PIR	3	1
2019-03-05 16:34:04	3	PIR	3	1
2019-03-05 16:34:19	3	PIR	3	1
2019-03-05 16:34:23	3	PIR	3	1
2019-03-05 16:34:53	3	PIR	3	1
2019-03-05 16:35:01	3	PIR	3	1
2019-03-05 16:35:34	3	PIR	3	1
2019-03-05 16:35:38	3	PIR	3	1
2019-03-05 16:35:42	3	PIR	3	1
2019-03-05 16:35:46	3	PIR	3	1
2019-03-05 16:35:51	3	PIR	3	1
2019-03-05 16:35:59	3	PIR	3	1
2019-03-05 16:36:04	3	PIR	3	1
2019-03-05 16:36:11	3	PIR	3	1
2019-03-05 16:36:15	3	PIR	3	1
2019-03-05 16:36:19	3	PIR	3	1
2019-03-05 16:36:25	3	PIR	3	1
2019-03-05 16:36:30	3	PIR	3	1
2019-03-05 16:36:43	3	PIR	3	1
2019-03-05 16:36:47	3	PIR	3	1
2019-03-05 16:48:14	3	PIR	3	1
2019-03-05 16:48:18	3	PIR	3	1
2019-03-05 16:48:29	3	PIR	3	1
2019-03-05 16:48:44	3	PIR	3	1
2019-03-05 16:48:48	3	PIR	3	1
2019-03-05 16:48:54	3	PIR	3	1
2019-03-05 16:49:09	3	PIR	3	1
2019-03-05 16:49:13	3	PIR	3	1
2019-03-05 16:49:17	3	PIR	3	1
2019-03-05 16:49:21	3	PIR	3	1
2019-03-05 16:49:34	3	PIR	3	1
2019-03-05 16:50:04	3	PIR	3	1
2019-03-05 16:51:59	3	PIR	3	1
2019-03-05 16:52:03	3	PIR	3	1
2019-03-05 16:53:11	3	PIR	3	1
2019-03-05 16:53:15	3	PIR	3	1
2019-03-05 16:53:31	3	PIR	3	1
2019-03-05 16:53:46	3	PIR	3	1
2019-03-05 16:56:00	3	PIR	3	1
2019-03-05 16:56:37	3	PIR	3	1
2019-03-05 16:56:47	3	PIR	3	1
2019-03-05 16:56:52	3	PIR	3	1
2019-03-05 16:56:59	3	PIR	3	1
2019-03-05 16:58:03	3	PIR	3	1
2019-03-05 16:58:07	3	PIR	3	1
2019-03-05 16:58:11	3	PIR	3	1
2019-03-05 16:59:52	3	PIR	3	1
2019-03-05 17:01:31	3	PIR	3	1
2019-03-05 17:01:38	3	PIR	3	1
2019-03-05 17:01:42	3	PIR	3	1
2019-03-05 17:01:48	3	PIR	3	1
2019-03-05 17:02:18	3	PIR	3	1
2019-03-05 17:02:25	3	PIR	3	1
2019-03-05 17:02:30	3	PIR	3	1
2019-03-05 17:02:37	3	PIR	3	1
2019-03-05 17:02:51	3	PIR	3	1
2019-03-05 17:02:55	3	PIR	3	1
2019-03-05 17:02:59	3	PIR	3	1
2019-03-05 17:03:04	3	PIR	3	1
2019-03-05 17:03:08	3	PIR	3	1
2019-03-05 17:03:12	3	PIR	3	1
2019-03-05 17:03:16	3	PIR	3	1
2019-03-05 17:03:42	3	PIR	3	1
2019-03-05 17:03:46	3	PIR	3	1
2019-03-05 17:03:52	3	PIR	3	1
2019-03-05 17:03:56	3	PIR	3	1
2019-03-05 17:04:09	3	PIR	3	1
2019-03-05 17:04:17	3	PIR	3	1
2019-03-05 17:04:21	3	PIR	3	1
2019-03-05 17:04:27	3	PIR	3	1
2019-03-05 17:04:38	3	PIR	3	1
2019-03-05 17:04:52	3	PIR	3	1
2019-03-05 17:04:59	3	PIR	3	1
2019-03-05 17:05:08	3	PIR	3	1
2019-03-05 17:05:14	3	PIR	3	1
2019-03-05 17:05:18	3	PIR	3	1
2019-03-05 17:05:55	3	PIR	3	1
2019-03-05 17:06:00	3	PIR	3	1
2019-03-05 17:06:07	3	PIR	3	1
2019-03-05 17:06:18	3	PIR	3	1
2019-03-05 17:06:27	3	PIR	3	1
2019-03-05 17:06:59	3	PIR	3	1
2019-03-05 17:07:03	3	PIR	3	1
2019-03-05 17:07:09	3	PIR	3	1
2019-03-05 17:07:15	3	PIR	3	1
2019-03-05 17:07:19	3	PIR	3	1
2019-03-05 17:08:51	3	PIR	3	1
2019-03-05 17:08:58	3	PIR	3	1
2019-03-05 17:09:05	3	PIR	3	1
2019-03-05 17:09:13	3	PIR	3	1
2019-03-05 17:09:18	3	PIR	3	1
2019-03-05 17:09:23	3	PIR	3	1
2019-03-05 17:09:29	3	PIR	3	1
2019-03-05 17:09:33	3	PIR	3	1
2019-03-05 17:09:37	3	PIR	3	1
2019-03-05 17:25:10	3	PIR	3	1
2019-03-05 17:25:14	3	PIR	3	1
2019-03-05 17:32:39	3	PIR	3	1
2019-03-05 17:32:43	3	PIR	3	1
2019-03-05 17:32:49	3	PIR	3	1
2019-03-05 17:32:53	3	PIR	3	1
2019-03-05 17:55:59	3	PIR	3	1
2019-03-05 17:56:03	3	PIR	3	1
2019-03-05 17:56:08	3	PIR	3	1
2019-03-05 17:56:23	3	PIR	3	1
2019-03-05 17:56:30	3	PIR	3	1
2019-03-05 17:56:34	3	PIR	3	1
2019-03-05 17:56:40	3	PIR	3	1
2019-03-05 17:57:54	3	PIR	3	1
2019-03-05 17:57:58	3	PIR	3	1
2019-03-05 17:58:02	3	PIR	3	1
2019-03-05 17:58:06	3	PIR	3	1
2019-03-05 17:59:51	3	PIR	3	1
2019-03-05 17:59:55	3	PIR	3	1
2019-03-05 18:00:25	3	PIR	3	1
2019-03-05 18:00:29	3	PIR	3	1
2019-03-05 18:09:42	3	PIR	3	1
2019-03-05 18:09:46	3	PIR	3	1
2019-03-05 18:09:51	3	PIR	3	1
2019-03-06 08:18:14	3	PIR	3	1
2019-03-06 08:18:18	3	PIR	3	1
2019-03-06 08:18:33	3	PIR	3	1
2019-03-06 08:18:39	3	PIR	3	1
2019-03-06 08:20:45	3	PIR	3	1
2019-03-06 08:20:49	3	PIR	3	1
2019-03-06 08:21:33	3	PIR	3	1
2019-03-06 08:23:54	3	PIR	3	1
2019-03-06 08:23:58	3	PIR	3	1
2019-03-06 08:24:02	3	PIR	3	1
2019-03-06 08:24:12	3	PIR	3	1
2019-03-06 08:24:22	3	PIR	3	1
2019-03-06 08:24:26	3	PIR	3	1
2019-03-06 08:24:30	3	PIR	3	1
2019-03-06 08:24:34	3	PIR	3	1
2019-03-06 08:27:52	3	PIR	3	1
2019-03-06 08:27:58	3	PIR	3	1
2019-03-06 08:28:04	3	PIR	3	1
2019-03-06 08:28:08	3	PIR	3	1
2019-03-06 08:30:21	3	PIR	3	1
2019-03-06 08:30:33	3	PIR	3	1
2019-03-06 08:30:40	3	PIR	3	1
2019-03-06 08:30:44	3	PIR	3	1
2019-03-06 08:30:51	3	PIR	3	1
2019-03-06 08:31:43	3	PIR	3	1
2019-03-06 08:31:50	3	PIR	3	1
2019-03-06 08:31:57	3	PIR	3	1
2019-03-06 08:32:04	3	PIR	3	1
2019-03-06 08:32:08	3	PIR	3	1
2019-03-06 08:32:14	3	PIR	3	1
2019-03-06 08:32:22	3	PIR	3	1
2019-03-06 08:32:28	3	PIR	3	1
2019-03-06 08:32:32	3	PIR	3	1
2019-03-06 08:32:39	3	PIR	3	1
2019-03-06 08:32:43	3	PIR	3	1
2019-03-06 08:32:51	3	PIR	3	1
2019-03-06 08:32:55	3	PIR	3	1
2019-03-06 08:32:59	3	PIR	3	1
2019-03-06 08:33:04	3	PIR	3	1
2019-03-06 08:33:08	3	PIR	3	1
2019-03-06 08:33:40	3	PIR	3	1
2019-03-06 08:59:51	3	PIR	3	1
2019-03-06 08:59:55	3	PIR	3	1
2019-03-06 09:00:01	3	PIR	3	1
2019-03-06 09:03:14	3	PIR	3	1
2019-03-06 09:03:20	3	PIR	3	1
2019-03-06 09:06:20	3	PIR	3	1
2019-03-06 09:06:27	3	PIR	3	1
2019-03-06 10:04:41	3	PIR	3	1
2019-03-06 10:04:47	3	PIR	3	1
2019-03-06 11:19:41	3	PIR	3	1
2019-03-06 11:19:46	3	PIR	3	1
2019-03-06 11:20:15	3	PIR	3	1
2019-03-06 11:20:29	3	PIR	3	1
2019-03-06 11:20:36	3	PIR	3	1
2019-03-06 11:20:43	3	PIR	3	1
2019-03-06 11:20:47	3	PIR	3	1
2019-03-06 11:20:54	3	PIR	3	1
2019-03-06 11:21:01	3	PIR	3	1
2019-03-06 11:21:08	3	PIR	3	1
2019-03-06 11:21:15	3	PIR	3	1
2019-03-06 11:21:22	3	PIR	3	1
2019-03-06 11:21:27	3	PIR	3	1
2019-03-06 11:21:32	3	PIR	3	1
2019-03-06 11:21:36	3	PIR	3	1
2019-03-06 14:10:25	3	PIR	3	1
2019-03-06 14:10:31	3	PIR	3	1
2019-03-06 14:10:35	3	PIR	3	1
2019-03-06 14:11:09	3	PIR	3	1
2019-03-06 14:11:13	3	PIR	3	1
2019-03-06 14:11:17	3	PIR	3	1
2019-03-06 14:11:53	3	PIR	3	1
2019-03-06 14:12:10	3	PIR	3	1
2019-03-06 14:12:17	3	PIR	3	1
2019-03-06 14:12:21	3	PIR	3	1
2019-03-06 14:14:39	3	PIR	3	1
2019-03-06 14:14:44	3	PIR	3	1
2019-03-06 14:14:51	3	PIR	3	1
2019-03-06 14:15:37	3	PIR	3	1
2019-03-06 14:15:41	3	PIR	3	1
2019-03-06 14:15:46	3	PIR	3	1
2019-03-06 14:15:50	3	PIR	3	1
2019-03-06 14:23:28	3	PIR	3	1
2019-03-06 14:24:12	3	PIR	3	1
2019-03-06 14:25:17	3	PIR	3	1
2019-03-06 14:25:49	3	PIR	3	1
2019-03-06 14:26:33	3	PIR	3	1
2019-03-06 14:26:40	3	PIR	3	1
2019-03-06 14:28:29	3	PIR	3	1
2019-03-06 14:28:35	3	PIR	3	1
2019-03-06 14:29:12	3	PIR	3	1
2019-03-06 14:29:16	3	PIR	3	1
2019-03-06 16:00:39	3	PIR	3	1
2019-03-06 16:00:46	3	PIR	3	1
2019-03-06 16:02:01	3	PIR	3	1
2019-03-06 16:02:33	3	PIR	3	1
2019-03-06 16:02:51	3	PIR	3	1
2019-03-06 16:32:24	3	PIR	3	1
2019-03-06 16:34:29	3	PIR	3	1
2019-03-06 16:37:00	3	PIR	3	1
2019-03-06 16:38:09	3	PIR	3	1
2019-03-06 16:38:13	3	PIR	3	1
2019-03-06 16:38:17	3	PIR	3	1
2019-03-06 16:39:49	3	PIR	3	1
2019-03-06 16:39:57	3	PIR	3	1
2019-03-06 16:40:01	3	PIR	3	1
2019-03-06 16:40:08	3	PIR	3	1
2019-03-06 16:40:14	3	PIR	3	1
2019-03-06 16:40:29	3	PIR	3	1
2019-03-06 16:40:33	3	PIR	3	1
2019-03-06 16:48:32	3	PIR	3	1
2019-03-06 16:48:39	3	PIR	3	1
2019-03-06 17:12:46	3	PIR	3	1
2019-03-06 17:26:58	3	PIR	3	1
2019-03-06 17:27:04	3	PIR	3	1
2019-03-06 18:00:55	3	PIR	3	1
2019-03-06 18:00:59	3	PIR	3	1
2019-03-06 18:02:49	3	PIR	3	1
2019-03-06 18:02:53	3	PIR	3	1
2019-03-06 18:06:55	3	PIR	3	1
2019-03-06 18:07:02	3	PIR	3	1
2019-03-07 07:35:15	3	PIR	3	1
2019-03-07 07:35:21	3	PIR	3	1
2019-03-07 07:35:25	3	PIR	3	1
2019-03-07 07:39:58	3	PIR	3	1
2019-03-07 07:40:05	3	PIR	3	1
2019-03-07 07:40:09	3	PIR	3	1
2019-03-07 08:16:23	3	PIR	3	1
2019-03-07 08:16:30	3	PIR	3	1
2019-03-07 08:16:34	3	PIR	3	1
2019-03-07 08:16:41	3	PIR	3	1
2019-03-07 08:19:57	3	PIR	3	1
2019-03-07 08:20:16	3	PIR	3	1
2019-03-07 08:20:23	3	PIR	3	1
2019-03-07 08:23:53	3	PIR	3	1
2019-03-07 08:23:57	3	PIR	3	1
2019-03-07 08:24:07	3	PIR	3	1
2019-03-07 08:24:28	3	PIR	3	1
2019-03-07 08:24:32	3	PIR	3	1
2019-03-07 08:24:37	3	PIR	3	1
2019-03-07 08:27:29	3	PIR	3	1
2019-03-07 08:27:33	3	PIR	3	1
2019-03-07 08:27:46	3	PIR	3	1
2019-03-07 08:27:50	3	PIR	3	1
2019-03-07 08:27:55	3	PIR	3	1
2019-03-07 08:28:01	3	PIR	3	1
2019-03-07 08:28:34	3	PIR	3	1
2019-03-07 08:28:41	3	PIR	3	1
2019-03-07 08:28:46	3	PIR	3	1
2019-03-07 08:28:53	3	PIR	3	1
2019-03-07 08:28:57	3	PIR	3	1
2019-03-07 08:29:02	3	PIR	3	1
2019-03-07 08:29:09	3	PIR	3	1
2019-03-07 08:29:14	3	PIR	3	1
2019-03-07 08:29:18	3	PIR	3	1
2019-03-07 08:29:24	3	PIR	3	1
2019-03-07 08:29:28	3	PIR	3	1
2019-03-07 08:29:32	3	PIR	3	1
2019-03-07 08:29:38	3	PIR	3	1
2019-03-07 08:29:45	3	PIR	3	1
2019-03-07 08:29:54	3	PIR	3	1
2019-03-07 08:29:58	3	PIR	3	1
2019-03-07 08:30:02	3	PIR	3	1
2019-03-07 09:00:09	3	PIR	3	1
2019-03-07 09:00:13	3	PIR	3	1
2019-03-07 09:00:19	3	PIR	3	1
2019-03-07 09:15:28	3	PIR	3	1
2019-03-07 09:15:35	3	PIR	3	1
2019-03-07 09:32:25	3	PIR	3	1
2019-03-07 09:32:29	3	PIR	3	1
2019-03-07 09:38:38	3	PIR	3	1
2019-03-07 10:10:49	3	PIR	3	1
2019-03-07 13:26:31	3	PIR	3	1
2019-03-07 13:26:38	3	PIR	3	1
2019-03-07 13:26:42	3	PIR	3	1
2019-03-07 13:27:37	3	PIR	3	1
2019-03-07 13:34:08	3	PIR	3	1
2019-03-07 13:34:15	3	PIR	3	1
2019-03-07 13:37:21	3	PIR	3	1
2019-03-07 13:37:28	3	PIR	3	1
2019-03-07 13:47:11	3	PIR	3	1
2019-03-07 13:47:18	3	PIR	3	1
2019-03-07 14:01:57	3	PIR	3	1
2019-03-07 14:05:13	3	PIR	3	1
2019-03-07 14:05:20	3	PIR	3	1
2019-03-07 14:05:30	3	PIR	3	1
2019-03-07 14:05:47	3	PIR	3	1
2019-03-07 14:06:03	3	PIR	3	1
2019-03-07 14:06:07	3	PIR	3	1
2019-03-07 14:34:55	3	PIR	3	1
2019-03-07 14:34:59	3	PIR	3	1
2019-03-07 14:35:09	3	PIR	3	1
2019-03-07 14:37:16	3	PIR	3	1
2019-03-07 15:31:40	3	PIR	3	1
2019-03-07 15:31:47	3	PIR	3	1
2019-03-07 15:33:52	3	PIR	3	1
2019-03-07 15:33:56	3	PIR	3	1
2019-03-07 15:35:37	3	PIR	3	1
2019-03-07 15:35:44	3	PIR	3	1
2019-03-07 15:35:48	3	PIR	3	1
2019-03-07 15:42:30	3	PIR	3	1
2019-03-07 15:42:34	3	PIR	3	1
2019-03-07 15:42:38	3	PIR	3	1
2019-03-07 15:42:44	3	PIR	3	1
2019-03-07 16:03:23	3	PIR	3	1
2019-03-07 16:03:27	3	PIR	3	1
2019-03-07 16:03:32	3	PIR	3	1
2019-03-07 16:03:36	3	PIR	3	1
2019-03-07 16:04:00	3	PIR	3	1
2019-03-07 16:04:09	3	PIR	3	1
2019-03-07 16:04:21	3	PIR	3	1
2019-03-07 16:04:35	3	PIR	3	1
2019-03-07 16:04:41	3	PIR	3	1
2019-03-07 16:07:05	3	PIR	3	1
2019-03-07 16:14:37	3	PIR	3	1
2019-03-07 16:14:49	3	PIR	3	1
2019-03-07 16:15:39	3	PIR	3	1
2019-03-07 16:19:18	3	PIR	3	1
2019-03-07 16:19:30	3	PIR	3	1
2019-03-07 16:19:37	3	PIR	3	1
2019-03-07 16:19:43	3	PIR	3	1
2019-03-07 16:26:18	3	PIR	3	1
2019-03-07 17:27:19	3	PIR	3	1
2019-03-07 17:27:23	3	PIR	3	1
2019-03-07 18:01:13	3	PIR	3	1
2019-03-07 18:01:19	3	PIR	3	1
2019-03-07 18:01:37	3	PIR	3	1
2019-03-07 18:01:52	3	PIR	3	1
2019-03-07 18:01:58	3	PIR	3	1
2019-03-07 18:17:16	3	PIR	3	1
2019-03-08 07:53:42	3	PIR	3	1
2019-03-08 07:53:46	3	PIR	3	1
2019-03-08 07:53:50	3	PIR	3	1
2019-03-08 07:53:54	3	PIR	3	1
2019-03-08 07:58:24	3	PIR	3	1
2019-03-08 07:58:32	3	PIR	3	1
2019-03-08 07:58:44	3	PIR	3	1
2019-03-08 07:58:55	3	PIR	3	1
2019-03-08 07:58:59	3	PIR	3	1
2019-03-08 07:59:03	3	PIR	3	1
2019-03-08 07:59:07	3	PIR	3	1
2019-03-08 07:59:11	3	PIR	3	1
2019-03-08 07:59:18	3	PIR	3	1
2019-03-08 07:59:23	3	PIR	3	1
2019-03-08 07:59:30	3	PIR	3	1
2019-03-08 07:59:34	3	PIR	3	1
2019-03-08 07:59:38	3	PIR	3	1
2019-03-08 07:59:54	3	PIR	3	1
2019-03-08 08:00:01	3	PIR	3	1
2019-03-08 08:00:11	3	PIR	3	1
2019-03-08 08:04:46	3	PIR	3	1
2019-03-08 08:04:52	3	PIR	3	1
2019-03-08 08:05:54	3	PIR	3	1
2019-03-08 08:06:03	3	PIR	3	1
2019-03-08 08:06:07	3	PIR	3	1
2019-03-08 08:06:14	3	PIR	3	1
2019-03-08 08:08:42	3	PIR	3	1
2019-03-08 08:08:46	3	PIR	3	1
2019-03-08 08:08:57	3	PIR	3	1
2019-03-08 08:09:01	3	PIR	3	1
2019-03-08 08:09:45	3	PIR	3	1
2019-03-08 08:09:52	3	PIR	3	1
2019-03-08 08:09:56	3	PIR	3	1
2019-03-08 08:10:48	3	PIR	3	1
2019-03-08 08:10:53	3	PIR	3	1
2019-03-08 08:10:57	3	PIR	3	1
2019-03-08 08:11:02	3	PIR	3	1
2019-03-08 08:11:06	3	PIR	3	1
2019-03-08 08:11:13	3	PIR	3	1
2019-03-08 08:13:33	3	PIR	3	1
2019-03-08 08:13:39	3	PIR	3	1
2019-03-08 08:13:54	3	PIR	3	1
2019-03-08 08:14:01	3	PIR	3	1
2019-03-08 08:14:12	3	PIR	3	1
2019-03-08 08:14:17	3	PIR	3	1
2019-03-08 08:14:22	3	PIR	3	1
2019-03-08 08:14:28	3	PIR	3	1
2019-03-08 08:14:32	3	PIR	3	1
2019-03-08 08:14:40	3	PIR	3	1
2019-03-08 08:14:46	3	PIR	3	1
2019-03-08 08:14:50	3	PIR	3	1
2019-03-08 08:14:54	3	PIR	3	1
2019-03-08 08:15:02	3	PIR	3	1
2019-03-08 08:15:08	3	PIR	3	1
2019-03-08 08:15:15	3	PIR	3	1
2019-03-08 08:15:19	3	PIR	3	1
2019-03-08 08:15:32	3	PIR	3	1
2019-03-08 08:15:40	3	PIR	3	1
2019-03-08 08:15:54	3	PIR	3	1
2019-03-08 08:15:58	3	PIR	3	1
2019-03-08 08:16:03	3	PIR	3	1
2019-03-08 08:16:15	3	PIR	3	1
2019-03-08 08:34:40	3	PIR	3	1
2019-03-08 08:34:47	3	PIR	3	1
2019-03-08 08:46:49	3	PIR	3	1
2019-03-08 08:46:54	3	PIR	3	1
2019-03-08 09:09:56	3	PIR	3	1
2019-03-08 09:10:03	3	PIR	3	1
2019-03-08 09:46:37	3	PIR	3	1
2019-03-08 09:46:41	3	PIR	3	1
2019-03-08 09:46:45	3	PIR	3	1
2019-03-08 09:48:47	3	PIR	3	1
2019-03-08 10:16:53	3	PIR	3	1
2019-03-08 10:16:59	3	PIR	3	1
2019-03-08 10:44:35	3	PIR	3	1
2019-03-08 10:44:39	3	PIR	3	1
2019-03-08 10:45:01	3	PIR	3	1
2019-03-08 10:45:08	3	PIR	3	1
2019-03-08 10:47:51	3	PIR	3	1
2019-03-08 10:47:55	3	PIR	3	1
2019-03-08 10:48:08	3	PIR	3	1
2019-03-08 10:48:14	3	PIR	3	1
2019-03-08 12:26:18	3	PIR	3	1
2019-03-08 12:26:22	3	PIR	3	1
2019-03-08 12:27:37	3	PIR	3	1
2019-03-08 12:27:42	3	PIR	3	1
2019-03-08 12:27:46	3	PIR	3	1
2019-03-08 12:54:04	3	PIR	3	1
2019-03-08 12:54:08	3	PIR	3	1
2019-03-08 13:03:15	3	PIR	3	1
2019-03-08 13:03:22	3	PIR	3	1
2019-03-08 13:03:26	3	PIR	3	1
2019-03-08 13:03:30	3	PIR	3	1
2019-03-08 13:03:34	3	PIR	3	1
2019-03-08 13:08:06	3	PIR	3	1
2019-03-08 13:15:43	3	PIR	3	1
2019-03-08 13:15:48	3	PIR	3	1
2019-03-08 13:30:46	3	PIR	3	1
2019-03-08 13:30:54	3	PIR	3	1
2019-03-08 13:31:13	3	PIR	3	1
2019-03-08 13:31:32	3	PIR	3	1
2019-03-08 15:16:14	3	PIR	3	1
2019-03-08 15:16:19	3	PIR	3	1
2019-03-08 15:17:00	3	PIR	3	1
2019-03-08 15:22:49	3	PIR	3	1
2019-03-08 15:22:53	3	PIR	3	1
2019-03-08 15:23:00	3	PIR	3	1
2019-03-08 15:23:04	3	PIR	3	1
2019-03-08 15:23:16	3	PIR	3	1
2019-03-08 15:23:31	3	PIR	3	1
2019-03-08 15:24:37	3	PIR	3	1
2019-03-08 15:24:42	3	PIR	3	1
2019-03-08 15:24:49	3	PIR	3	1
2019-03-08 15:24:53	3	PIR	3	1
2019-03-08 15:25:00	3	PIR	3	1
2019-03-08 15:25:04	3	PIR	3	1
2019-03-08 15:25:08	3	PIR	3	1
2019-03-08 16:25:51	3	PIR	3	1
2019-03-08 16:25:55	3	PIR	3	1
2019-03-08 16:45:54	3	PIR	3	1
2019-03-08 16:45:58	3	PIR	3	1
2019-03-08 16:49:50	3	PIR	3	1
2019-03-08 16:49:56	3	PIR	3	1
2019-03-08 16:56:59	3	PIR	3	1
2019-03-08 16:57:03	3	PIR	3	1
2019-03-08 18:13:10	3	PIR	3	1
2019-03-08 18:13:17	3	PIR	3	1
2019-03-08 18:13:21	3	PIR	3	1
2019-03-08 18:18:20	3	PIR	3	1
2019-03-08 18:18:27	3	PIR	3	1
2019-03-08 18:18:37	3	PIR	3	1
2019-03-08 18:18:41	3	PIR	3	1
2019-03-08 19:01:40	3	PIR	3	1
2019-03-08 19:01:47	3	PIR	3	1
2019-03-08 19:01:55	3	PIR	3	1
2019-03-10 13:13:27	3	PIR	3	1
2019-03-10 13:13:56	3	PIR	3	1
2019-03-10 13:14:21	3	PIR	3	1
2019-03-10 13:14:28	3	PIR	3	1
2019-03-10 13:14:34	3	PIR	3	1
2019-03-10 13:16:29	3	PIR	3	1
2019-03-10 13:19:02	3	PIR	3	1
2019-03-10 13:19:22	3	PIR	3	1
2019-03-10 13:19:34	3	PIR	3	1
2019-03-10 13:23:16	3	PIR	3	1
2019-03-10 13:24:48	3	PIR	3	1
2019-03-10 13:24:58	3	PIR	3	1
2019-03-10 13:25:04	3	PIR	3	1
2019-03-10 13:25:22	3	PIR	3	1
2019-03-11 07:41:31	3	PIR	3	1
2019-03-11 07:41:38	3	PIR	3	1
2019-03-11 07:56:01	3	PIR	3	1
2019-03-11 07:56:05	3	PIR	3	1
2019-03-11 07:56:09	3	PIR	3	1
2019-03-11 07:56:13	3	PIR	3	1
2019-03-11 07:58:20	3	PIR	3	1
2019-03-11 07:58:31	3	PIR	3	1
2019-03-11 07:58:43	3	PIR	3	1
2019-03-11 07:58:50	3	PIR	3	1
2019-03-11 07:59:19	3	PIR	3	1
2019-03-11 07:59:23	3	PIR	3	1
2019-03-11 07:59:40	3	PIR	3	1
2019-03-11 08:02:12	3	PIR	3	1
2019-03-11 08:02:16	3	PIR	3	1
2019-03-11 08:04:30	3	PIR	3	1
2019-03-11 08:04:34	3	PIR	3	1
2019-03-11 08:04:39	3	PIR	3	1
2019-03-11 08:04:50	3	PIR	3	1
2019-03-11 08:04:54	3	PIR	3	1
2019-03-11 08:06:10	3	PIR	3	1
2019-03-11 08:06:23	3	PIR	3	1
2019-03-11 08:06:27	3	PIR	3	1
2019-03-11 08:06:31	3	PIR	3	1
2019-03-11 08:07:45	3	PIR	3	1
2019-03-11 08:07:54	3	PIR	3	1
2019-03-11 08:08:01	3	PIR	3	1
2019-03-11 08:08:05	3	PIR	3	1
2019-03-11 08:08:10	3	PIR	3	1
2019-03-11 08:08:17	3	PIR	3	1
2019-03-11 08:08:21	3	PIR	3	1
2019-03-11 08:08:28	3	PIR	3	1
2019-03-11 08:08:34	3	PIR	3	1
2019-03-11 08:08:41	3	PIR	3	1
2019-03-11 08:08:45	3	PIR	3	1
2019-03-11 08:08:52	3	PIR	3	1
2019-03-11 08:08:59	3	PIR	3	1
2019-03-11 08:09:03	3	PIR	3	1
2019-03-11 08:09:07	3	PIR	3	1
2019-03-11 08:09:11	3	PIR	3	1
2019-03-11 08:09:26	3	PIR	3	1
2019-03-11 08:09:30	3	PIR	3	1
2019-03-11 08:09:35	3	PIR	3	1
2019-03-11 08:09:43	3	PIR	3	1
2019-03-11 08:57:33	3	PIR	3	1
2019-03-11 08:57:40	3	PIR	3	1
2019-03-11 08:58:06	3	PIR	3	1
2019-03-11 08:58:10	3	PIR	3	1
2019-03-11 08:58:16	3	PIR	3	1
2019-03-11 08:58:26	3	PIR	3	1
2019-03-11 09:02:42	3	PIR	3	1
2019-03-11 09:02:46	3	PIR	3	1
2019-03-11 10:38:38	3	PIR	3	1
2019-03-11 10:39:36	3	PIR	3	1
2019-03-11 10:39:44	3	PIR	3	1
2019-03-11 11:00:54	3	PIR	3	1
2019-03-11 11:00:58	3	PIR	3	1
2019-03-11 11:01:04	3	PIR	3	1
2019-03-11 11:22:02	3	PIR	3	1
2019-03-11 11:23:22	3	PIR	3	1
2019-03-11 11:40:20	3	PIR	3	1
2019-03-11 11:40:27	3	PIR	3	1
2019-03-11 11:40:32	3	PIR	3	1
2019-03-11 11:40:42	3	PIR	3	1
2019-03-11 11:40:50	3	PIR	3	1
2019-03-11 11:41:07	3	PIR	3	1
2019-03-11 11:41:12	3	PIR	3	1
2019-03-11 11:41:17	3	PIR	3	1
2019-03-11 11:41:21	3	PIR	3	1
2019-03-11 11:43:44	3	PIR	3	1
2019-03-11 11:43:48	3	PIR	3	1
2019-03-11 12:19:57	3	PIR	3	1
2019-03-11 12:20:01	3	PIR	3	1
2019-03-11 13:06:36	3	PIR	3	1
2019-03-11 13:06:43	3	PIR	3	1
2019-03-11 13:06:48	3	PIR	3	1
2019-03-11 13:06:54	3	PIR	3	1
2019-03-11 13:06:58	3	PIR	3	1
2019-03-11 13:21:48	3	PIR	3	1
2019-03-11 13:21:52	3	PIR	3	1
2019-03-11 13:21:56	3	PIR	3	1
2019-03-11 13:22:00	3	PIR	3	1
2019-03-11 13:22:04	3	PIR	3	1
2019-03-11 13:22:17	3	PIR	3	1
2019-03-11 13:22:21	3	PIR	3	1
2019-03-11 13:30:57	3	PIR	3	1
2019-03-11 14:15:56	3	PIR	3	1
2019-03-11 14:22:32	3	PIR	3	1
2019-03-11 15:19:22	3	PIR	3	1
2019-03-11 15:19:26	3	PIR	3	1
2019-03-11 15:21:45	3	PIR	3	1
2019-03-11 15:34:04	3	PIR	3	1
2019-03-11 15:34:12	3	PIR	3	1
2019-03-11 15:34:16	3	PIR	3	1
2019-03-11 16:04:30	3	PIR	3	1
2019-03-11 16:04:34	3	PIR	3	1
2019-03-11 16:04:41	3	PIR	3	1
2019-03-11 16:05:03	3	PIR	3	1
2019-03-11 16:05:09	3	PIR	3	1
2019-03-11 16:05:14	3	PIR	3	1
2019-03-11 16:05:43	3	PIR	3	1
2019-03-11 16:05:47	3	PIR	3	1
2019-03-11 16:05:53	3	PIR	3	1
2019-03-11 16:05:58	3	PIR	3	1
2019-03-11 16:06:04	3	PIR	3	1
2019-03-11 16:06:09	3	PIR	3	1
2019-03-11 16:16:40	3	PIR	3	1
2019-03-11 16:16:44	3	PIR	3	1
2019-03-11 16:37:55	3	PIR	3	1
2019-03-11 16:37:59	3	PIR	3	1
2019-03-11 16:38:03	3	PIR	3	1
2019-03-11 16:38:26	3	PIR	3	1
2019-03-11 16:38:30	3	PIR	3	1
2019-03-11 17:03:24	3	PIR	3	1
2019-03-11 17:03:28	3	PIR	3	1
2019-03-11 17:03:32	3	PIR	3	1
2019-03-11 17:03:39	3	PIR	3	1
2019-03-12 07:35:43	3	PIR	3	1
2019-03-12 07:35:50	3	PIR	3	1
2019-03-12 07:55:02	3	PIR	3	1
2019-03-12 07:55:08	3	PIR	3	1
2019-03-12 07:55:12	3	PIR	3	1
2019-03-12 07:55:16	3	PIR	3	1
2019-03-12 07:55:22	3	PIR	3	1
2019-03-12 07:55:26	3	PIR	3	1
2019-03-12 07:55:34	3	PIR	3	1
2019-03-12 07:55:38	3	PIR	3	1
2019-03-12 07:55:44	3	PIR	3	1
2019-03-12 07:55:54	3	PIR	3	1
2019-03-12 07:55:59	3	PIR	3	1
2019-03-12 08:03:02	3	PIR	3	1
2019-03-12 08:03:07	3	PIR	3	1
2019-03-12 08:03:12	3	PIR	3	1
2019-03-12 08:03:35	3	PIR	3	1
2019-03-12 08:03:49	3	PIR	3	1
2019-03-12 08:07:07	3	PIR	3	1
2019-03-12 08:07:20	3	PIR	3	1
2019-03-12 08:07:26	3	PIR	3	1
2019-03-12 08:09:26	3	PIR	3	1
2019-03-12 08:09:30	3	PIR	3	1
2019-03-12 08:09:34	3	PIR	3	1
2019-03-12 08:09:42	3	PIR	3	1
2019-03-12 08:09:49	3	PIR	3	1
2019-03-12 08:09:57	3	PIR	3	1
2019-03-12 08:10:29	3	PIR	3	1
2019-03-12 08:10:37	3	PIR	3	1
2019-03-12 08:10:44	3	PIR	3	1
2019-03-12 08:10:51	3	PIR	3	1
2019-03-12 08:10:58	3	PIR	3	1
2019-03-12 08:11:13	3	PIR	3	1
2019-03-12 08:11:21	3	PIR	3	1
2019-03-12 08:11:29	3	PIR	3	1
2019-03-12 08:11:35	3	PIR	3	1
2019-03-12 08:11:39	3	PIR	3	1
2019-03-12 08:11:44	3	PIR	3	1
2019-03-12 08:11:51	3	PIR	3	1
2019-03-12 08:11:56	3	PIR	3	1
2019-03-12 08:12:01	3	PIR	3	1
2019-03-12 08:12:05	3	PIR	3	1
2019-03-12 08:12:12	3	PIR	3	1
2019-03-12 08:16:59	3	PIR	3	1
2019-03-12 08:17:25	3	PIR	3	1
2019-03-12 08:52:37	3	PIR	3	1
2019-03-12 08:53:35	3	PIR	3	1
2019-03-12 08:56:01	3	PIR	3	1
2019-03-12 08:56:10	3	PIR	3	1
2019-03-12 08:56:14	3	PIR	3	1
2019-03-12 08:56:39	3	PIR	3	1
2019-03-12 08:56:46	3	PIR	3	1
2019-03-12 09:07:14	3	PIR	3	1
2019-03-12 09:14:03	3	PIR	3	1
2019-03-12 09:53:38	3	PIR	3	1
2019-03-12 10:06:28	3	PIR	3	1
2019-03-12 10:06:52	3	PIR	3	1
2019-03-12 10:06:58	3	PIR	3	1
2019-03-12 10:07:57	3	PIR	3	1
2019-03-12 10:08:01	3	PIR	3	1
2019-03-12 10:08:11	3	PIR	3	1
2019-03-12 10:08:22	3	PIR	3	1
2019-03-12 10:08:26	3	PIR	3	1
2019-03-12 10:08:31	3	PIR	3	1
2019-03-12 10:09:35	3	PIR	3	1
2019-03-12 10:09:42	3	PIR	3	1
2019-03-12 10:09:49	3	PIR	3	1
2019-03-12 10:09:54	3	PIR	3	1
2019-03-12 10:10:58	3	PIR	3	1
2019-03-12 10:11:04	3	PIR	3	1
2019-03-12 10:11:32	3	PIR	3	1
2019-03-12 10:14:30	3	PIR	3	1
2019-03-12 10:14:35	3	PIR	3	1
2019-03-12 10:14:50	3	PIR	3	1
2019-03-12 10:23:03	3	PIR	3	1
2019-03-12 10:57:33	3	PIR	3	1
2019-03-12 10:57:39	3	PIR	3	1
2019-03-12 11:18:01	3	PIR	3	1
2019-03-12 11:18:05	3	PIR	3	1
2019-03-12 11:19:30	3	PIR	3	1
2019-03-12 11:27:20	3	PIR	3	1
2019-03-12 11:35:54	3	PIR	3	1
2019-03-12 11:36:00	3	PIR	3	1
2019-03-12 11:36:16	3	PIR	3	1
2019-03-12 11:36:44	3	PIR	3	1
2019-03-12 11:37:16	3	PIR	3	1
2019-03-12 11:39:11	3	PIR	3	1
2019-03-12 11:39:26	3	PIR	3	1
2019-03-12 11:39:52	3	PIR	3	1
2019-03-12 11:39:59	3	PIR	3	1
2019-03-12 11:40:03	3	PIR	3	1
2019-03-12 11:40:10	3	PIR	3	1
2019-03-12 11:40:14	3	PIR	3	1
2019-03-12 11:40:18	3	PIR	3	1
2019-03-12 11:40:23	3	PIR	3	1
2019-03-12 11:40:36	3	PIR	3	1
2019-03-12 11:40:40	3	PIR	3	1
2019-03-12 11:40:50	3	PIR	3	1
2019-03-12 11:41:10	3	PIR	3	1
2019-03-12 11:41:14	3	PIR	3	1
2019-03-12 11:41:20	3	PIR	3	1
2019-03-12 11:41:39	3	PIR	3	1
2019-03-12 11:42:22	3	PIR	3	1
2019-03-12 11:42:44	3	PIR	3	1
2019-03-12 11:42:48	3	PIR	3	1
2019-03-12 11:43:02	3	PIR	3	1
2019-03-12 11:43:08	3	PIR	3	1
2019-03-12 11:43:14	3	PIR	3	1
2019-03-12 11:43:30	3	PIR	3	1
2019-03-12 11:43:37	3	PIR	3	1
2019-03-12 11:43:45	3	PIR	3	1
2019-03-12 11:44:04	3	PIR	3	1
2019-03-12 11:44:08	3	PIR	3	1
2019-03-12 11:44:20	3	PIR	3	1
2019-03-12 11:44:24	3	PIR	3	1
2019-03-12 11:44:39	3	PIR	3	1
2019-03-12 11:44:49	3	PIR	3	1
2019-03-12 11:44:53	3	PIR	3	1
2019-03-12 11:45:03	3	PIR	3	1
2019-03-12 11:45:07	3	PIR	3	1
2019-03-12 11:45:14	3	PIR	3	1
2019-03-12 11:45:57	3	PIR	3	1
2019-03-12 11:46:02	3	PIR	3	1
2019-03-12 11:46:26	3	PIR	3	1
2019-03-12 11:46:32	3	PIR	3	1
2019-03-12 11:46:50	3	PIR	3	1
2019-03-12 11:47:00	3	PIR	3	1
2019-03-12 11:47:15	3	PIR	3	1
2019-03-12 11:47:37	3	PIR	3	1
2019-03-12 11:47:45	3	PIR	3	1
2019-03-12 11:48:08	3	PIR	3	1
2019-03-12 11:48:12	3	PIR	3	1
2019-03-12 11:48:18	3	PIR	3	1
2019-03-12 11:48:54	3	PIR	3	1
2019-03-12 11:48:58	3	PIR	3	1
2019-03-12 11:49:04	3	PIR	3	1
2019-03-12 11:49:18	3	PIR	3	1
2019-03-12 11:49:25	3	PIR	3	1
2019-03-12 11:49:51	3	PIR	3	1
2019-03-12 11:49:55	3	PIR	3	1
2019-03-12 11:50:31	3	PIR	3	1
2019-03-12 11:50:43	3	PIR	3	1
2019-03-12 11:50:51	3	PIR	3	1
2019-03-12 11:51:14	3	PIR	3	1
2019-03-12 11:51:18	3	PIR	3	1
2019-03-12 11:51:32	3	PIR	3	1
2019-03-12 11:51:42	3	PIR	3	1
2019-03-12 11:51:47	3	PIR	3	1
2019-03-12 11:52:07	3	PIR	3	1
2019-03-12 11:52:11	3	PIR	3	1
2019-03-12 11:52:27	3	PIR	3	1
2019-03-12 11:52:47	3	PIR	3	1
2019-03-12 11:57:04	3	PIR	3	1
2019-03-12 11:57:27	3	PIR	3	1
2019-03-12 11:57:31	3	PIR	3	1
2019-03-12 11:57:35	3	PIR	3	1
2019-03-12 11:57:41	3	PIR	3	1
2019-03-12 11:57:46	3	PIR	3	1
2019-03-12 11:57:52	3	PIR	3	1
2019-03-12 11:58:01	3	PIR	3	1
2019-03-12 11:58:06	3	PIR	3	1
2019-03-12 11:58:10	3	PIR	3	1
2019-03-12 11:58:17	3	PIR	3	1
2019-03-12 12:03:51	3	PIR	3	1
2019-03-12 12:05:22	3	PIR	3	1
2019-03-12 12:10:47	3	PIR	3	1
2019-03-12 12:10:51	3	PIR	3	1
2019-03-12 12:10:57	3	PIR	3	1
2019-03-12 12:11:08	3	PIR	3	1
2019-03-12 12:11:41	3	PIR	3	1
2019-03-12 12:12:14	3	PIR	3	1
2019-03-12 12:16:11	3	PIR	3	1
2019-03-12 12:16:15	3	PIR	3	1
2019-03-12 12:16:40	3	PIR	3	1
2019-03-12 12:16:45	3	PIR	3	1
2019-03-12 12:19:08	3	PIR	3	1
2019-03-12 12:28:28	3	PIR	3	1
2019-03-12 12:28:32	3	PIR	3	1
2019-03-12 12:28:38	3	PIR	3	1
2019-03-12 12:28:44	3	PIR	3	1
2019-03-12 12:28:49	3	PIR	3	1
2019-03-12 12:28:59	3	PIR	3	1
2019-03-12 12:29:03	3	PIR	3	1
2019-03-12 12:29:08	3	PIR	3	1
2019-03-12 12:29:12	3	PIR	3	1
2019-03-12 12:29:16	3	PIR	3	1
2019-03-12 12:29:29	3	PIR	3	1
2019-03-12 12:29:33	3	PIR	3	1
2019-03-12 12:29:44	3	PIR	3	1
2019-03-12 12:29:50	3	PIR	3	1
2019-03-12 12:29:58	3	PIR	3	1
2019-03-12 12:30:04	3	PIR	3	1
2019-03-12 12:30:11	3	PIR	3	1
2019-03-12 12:30:15	3	PIR	3	1
2019-03-12 12:30:19	3	PIR	3	1
2019-03-12 12:30:27	3	PIR	3	1
2019-03-12 12:30:31	3	PIR	3	1
2019-03-12 12:30:37	3	PIR	3	1
2019-03-12 12:30:42	3	PIR	3	1
2019-03-12 12:30:49	3	PIR	3	1
2019-03-12 12:30:53	3	PIR	3	1
2019-03-12 12:30:59	3	PIR	3	1
2019-03-12 12:31:25	3	PIR	3	1
2019-03-12 12:31:32	3	PIR	3	1
2019-03-12 12:31:45	3	PIR	3	1
2019-03-12 12:31:57	3	PIR	3	1
2019-03-12 12:32:03	3	PIR	3	1
2019-03-12 12:33:29	3	PIR	3	1
2019-03-12 12:34:25	3	PIR	3	1
2019-03-12 12:35:53	3	PIR	3	1
2019-03-12 12:35:59	3	PIR	3	1
2019-03-12 12:37:07	3	PIR	3	1
2019-03-12 12:37:13	3	PIR	3	1
2019-03-12 12:54:01	3	PIR	3	1
2019-03-12 12:54:12	3	PIR	3	1
2019-03-12 12:55:50	3	PIR	3	1
2019-03-12 12:55:56	3	PIR	3	1
2019-03-12 12:56:00	3	PIR	3	1
2019-03-12 13:12:10	3	PIR	3	1
2019-03-12 13:12:15	3	PIR	3	1
2019-03-12 13:13:29	3	PIR	3	1
2019-03-12 13:13:34	3	PIR	3	1
2019-03-12 13:31:42	3	PIR	3	1
2019-03-12 13:31:48	3	PIR	3	1
2019-03-12 13:47:50	3	PIR	3	1
2019-03-12 13:47:54	3	PIR	3	1
2019-03-12 13:47:58	3	PIR	3	1
2019-03-12 13:48:03	3	PIR	3	1
2019-03-12 13:49:35	3	PIR	3	1
2019-03-12 13:49:41	3	PIR	3	1
2019-03-12 13:49:46	3	PIR	3	1
2019-03-12 13:49:52	3	PIR	3	1
2019-03-12 13:49:58	3	PIR	3	1
2019-03-12 13:50:02	3	PIR	3	1
2019-03-12 13:50:09	3	PIR	3	1
2019-03-12 14:35:50	3	PIR	3	1
2019-03-12 14:35:54	3	PIR	3	1
2019-03-12 14:40:11	3	PIR	3	1
2019-03-12 14:40:15	3	PIR	3	1
2019-03-12 14:40:19	3	PIR	3	1
2019-03-12 14:41:15	3	PIR	3	1
2019-03-12 14:41:57	3	PIR	3	1
2019-03-12 14:42:01	3	PIR	3	1
2019-03-12 14:42:14	3	PIR	3	1
2019-03-12 14:42:27	3	PIR	3	1
2019-03-12 14:42:32	3	PIR	3	1
2019-03-12 14:42:36	3	PIR	3	1
2019-03-12 14:42:56	3	PIR	3	1
2019-03-12 14:43:20	3	PIR	3	1
2019-03-12 14:43:29	3	PIR	3	1
2019-03-12 14:43:33	3	PIR	3	1
2019-03-12 14:44:02	3	PIR	3	1
2019-03-12 14:44:06	3	PIR	3	1
2019-03-12 14:44:14	3	PIR	3	1
2019-03-12 14:44:30	3	PIR	3	1
2019-03-12 14:44:34	3	PIR	3	1
2019-03-12 14:44:59	3	PIR	3	1
2019-03-12 14:45:06	3	PIR	3	1
2019-03-12 14:45:13	3	PIR	3	1
2019-03-12 14:45:23	3	PIR	3	1
2019-03-12 14:45:40	3	PIR	3	1
2019-03-12 14:45:49	3	PIR	3	1
2019-03-12 14:46:25	3	PIR	3	1
2019-03-12 14:47:00	3	PIR	3	1
2019-03-12 14:47:11	3	PIR	3	1
2019-03-12 14:47:30	3	PIR	3	1
2019-03-12 14:47:57	3	PIR	3	1
2019-03-12 14:48:11	3	PIR	3	1
2019-03-12 14:48:15	3	PIR	3	1
2019-03-12 14:48:23	3	PIR	3	1
2019-03-12 14:48:27	3	PIR	3	1
2019-03-12 14:48:40	3	PIR	3	1
2019-03-12 14:48:57	3	PIR	3	1
2019-03-12 14:49:27	3	PIR	3	1
2019-03-12 14:49:54	3	PIR	3	1
2019-03-12 14:50:18	3	PIR	3	1
2019-03-12 14:50:25	3	PIR	3	1
2019-03-12 14:50:30	3	PIR	3	1
2019-03-12 14:50:36	3	PIR	3	1
2019-03-12 14:50:49	3	PIR	3	1
2019-03-12 14:50:53	3	PIR	3	1
2019-03-12 14:51:26	3	PIR	3	1
2019-03-12 14:51:31	3	PIR	3	1
2019-03-12 14:52:22	3	PIR	3	1
2019-03-12 14:58:56	3	PIR	3	1
2019-03-12 15:02:39	3	PIR	3	1
2019-03-12 15:07:27	3	PIR	3	1
2019-03-12 15:09:31	3	PIR	3	1
2019-03-12 15:09:35	3	PIR	3	1
2019-03-12 15:13:09	3	PIR	3	1
2019-03-12 15:13:19	3	PIR	3	1
2019-03-12 15:13:26	3	PIR	3	1
2019-03-12 15:13:48	3	PIR	3	1
2019-03-12 15:14:07	3	PIR	3	1
2019-03-12 15:14:40	3	PIR	3	1
2019-03-12 15:14:49	3	PIR	3	1
2019-03-12 15:15:05	3	PIR	3	1
2019-03-12 15:15:44	3	PIR	3	1
2019-03-12 15:19:25	3	PIR	3	1
2019-03-12 15:19:32	3	PIR	3	1
2019-03-12 15:19:42	3	PIR	3	1
2019-03-12 15:20:03	3	PIR	3	1
2019-03-12 15:20:07	3	PIR	3	1
2019-03-12 15:20:11	3	PIR	3	1
2019-03-12 15:20:45	3	PIR	3	1
2019-03-12 15:20:50	3	PIR	3	1
2019-03-12 15:20:56	3	PIR	3	1
2019-03-12 15:21:28	3	PIR	3	1
2019-03-12 15:21:38	3	PIR	3	1
2019-03-12 15:21:44	3	PIR	3	1
2019-03-12 15:21:48	3	PIR	3	1
2019-03-12 15:21:52	3	PIR	3	1
2019-03-12 15:28:44	3	PIR	3	1
2019-03-12 15:29:07	3	PIR	3	1
2019-03-12 15:29:34	3	PIR	3	1
2019-03-12 15:29:42	3	PIR	3	1
2019-03-12 15:29:53	3	PIR	3	1
2019-03-12 15:30:06	3	PIR	3	1
2019-03-12 15:30:25	3	PIR	3	1
2019-03-12 15:30:47	3	PIR	3	1
2019-03-12 15:30:51	3	PIR	3	1
2019-03-12 15:31:02	3	PIR	3	1
2019-03-12 15:31:06	3	PIR	3	1
2019-03-12 15:31:37	3	PIR	3	1
2019-03-12 15:31:47	3	PIR	3	1
2019-03-12 15:31:53	3	PIR	3	1
2019-03-12 15:32:03	3	PIR	3	1
2019-03-12 15:32:07	3	PIR	3	1
2019-03-12 15:32:37	3	PIR	3	1
2019-03-12 15:32:41	3	PIR	3	1
2019-03-12 15:33:16	3	PIR	3	1
2019-03-12 15:33:40	3	PIR	3	1
2019-03-12 15:34:00	3	PIR	3	1
2019-03-12 15:35:20	3	PIR	3	1
2019-03-12 15:35:24	3	PIR	3	1
2019-03-12 15:36:07	3	PIR	3	1
2019-03-12 15:36:21	3	PIR	3	1
2019-03-12 15:37:43	3	PIR	3	1
2019-03-12 15:45:33	3	PIR	3	1
2019-03-12 15:45:37	3	PIR	3	1
2019-03-12 15:47:13	3	PIR	3	1
2019-03-12 15:47:38	3	PIR	3	1
2019-03-12 15:48:36	3	PIR	3	1
2019-03-12 15:48:40	3	PIR	3	1
2019-03-12 15:49:56	3	PIR	3	1
2019-03-12 15:50:00	3	PIR	3	1
2019-03-12 15:57:33	3	PIR	3	1
2019-03-12 15:57:39	3	PIR	3	1
2019-03-12 15:58:49	3	PIR	3	1
2019-03-12 15:58:53	3	PIR	3	1
2019-03-12 15:59:33	3	PIR	3	1
2019-03-12 15:59:54	3	PIR	3	1
2019-03-12 16:03:50	3	PIR	3	1
2019-03-12 16:10:32	3	PIR	3	1
2019-03-12 16:10:36	3	PIR	3	1
2019-03-12 16:12:59	3	PIR	3	1
2019-03-12 16:13:32	3	PIR	3	1
2019-03-12 16:13:46	3	PIR	3	1
2019-03-12 16:13:53	3	PIR	3	1
2019-03-12 16:13:57	3	PIR	3	1
2019-03-12 16:14:38	3	PIR	3	1
2019-03-12 16:14:42	3	PIR	3	1
2019-03-12 16:14:52	3	PIR	3	1
2019-03-12 16:14:59	3	PIR	3	1
2019-03-12 16:15:50	3	PIR	3	1
2019-03-12 16:15:54	3	PIR	3	1
2019-03-12 16:15:58	3	PIR	3	1
2019-03-12 16:16:13	3	PIR	3	1
2019-03-12 16:16:17	3	PIR	3	1
2019-03-12 16:16:21	3	PIR	3	1
2019-03-12 16:17:06	3	PIR	3	1
2019-03-12 16:17:13	3	PIR	3	1
2019-03-12 16:17:17	3	PIR	3	1
2019-03-12 16:19:16	3	PIR	3	1
2019-03-12 16:20:53	3	PIR	3	1
2019-03-12 16:28:07	3	PIR	3	1
2019-03-12 16:42:41	3	PIR	3	1
2019-03-12 16:44:29	3	PIR	3	1
2019-03-12 16:49:47	3	PIR	3	1
2019-03-12 16:50:44	3	PIR	3	1
2019-03-12 16:59:10	3	PIR	3	1
2019-03-12 17:06:23	3	PIR	3	1
2019-03-12 17:07:25	3	PIR	3	1
2019-03-12 17:07:48	3	PIR	3	1
2019-03-12 17:07:54	3	PIR	3	1
2019-03-12 17:09:14	3	PIR	3	1
2019-03-12 17:09:39	3	PIR	3	1
2019-03-12 17:09:43	3	PIR	3	1
2019-03-12 17:12:02	3	PIR	3	1
2019-03-12 17:12:45	3	PIR	3	1
2019-03-12 17:12:59	3	PIR	3	1
2019-03-12 17:13:10	3	PIR	3	1
2019-03-12 17:16:12	3	PIR	3	1
2019-03-12 17:21:14	3	PIR	3	1
2019-03-12 17:46:01	3	PIR	3	1
2019-03-12 17:46:07	3	PIR	3	1
2019-03-12 17:46:11	3	PIR	3	1
2019-03-12 17:49:51	3	PIR	3	1
2019-03-12 17:54:57	3	PIR	3	1
2019-03-12 17:56:09	3	PIR	3	1
2019-03-12 17:56:39	3	PIR	3	1
2019-03-12 17:56:43	3	PIR	3	1
2019-03-12 17:57:00	3	PIR	3	1
2019-03-12 17:57:05	3	PIR	3	1
2019-03-12 18:00:57	3	PIR	3	1
2019-03-12 18:04:27	3	PIR	3	1
2019-03-12 18:04:32	3	PIR	3	1
2019-03-12 18:04:40	3	PIR	3	1
2019-03-12 18:04:45	3	PIR	3	1
2019-03-12 18:04:53	3	PIR	3	1
2019-03-12 18:04:57	3	PIR	3	1
2019-03-12 18:05:01	3	PIR	3	1
2019-03-12 18:06:08	3	PIR	3	1
2019-03-12 18:06:18	3	PIR	3	1
2019-03-12 18:06:28	3	PIR	3	1
2019-03-12 18:06:32	3	PIR	3	1
2019-03-12 18:06:36	3	PIR	3	1
2019-03-12 18:06:53	3	PIR	3	1
2019-03-12 18:06:59	3	PIR	3	1
2019-03-12 18:07:09	3	PIR	3	1
2019-03-12 18:07:16	3	PIR	3	1
2019-03-12 18:07:23	3	PIR	3	1
2019-03-12 18:07:42	3	PIR	3	1
2019-03-12 18:08:49	3	PIR	3	1
2019-03-12 18:08:55	3	PIR	3	1
2019-03-12 18:08:59	3	PIR	3	1
2019-03-12 18:11:30	3	PIR	3	1
2019-03-12 18:11:37	3	PIR	3	1
2019-03-12 18:11:49	3	PIR	3	1
2019-03-12 18:13:24	3	PIR	3	1
2019-03-12 18:13:28	3	PIR	3	1
2019-03-13 07:32:31	3	PIR	3	1
2019-03-13 07:32:38	3	PIR	3	1
2019-03-13 08:06:32	3	PIR	3	1
2019-03-13 08:06:36	3	PIR	3	1
2019-03-13 08:06:47	3	PIR	3	1
2019-03-13 08:06:51	3	PIR	3	1
2019-03-13 08:08:08	3	PIR	3	1
2019-03-13 08:08:12	3	PIR	3	1
2019-03-13 08:10:15	3	PIR	3	1
2019-03-13 08:10:24	3	PIR	3	1
2019-03-13 08:10:32	3	PIR	3	1
2019-03-13 08:10:40	3	PIR	3	1
2019-03-13 08:10:47	3	PIR	3	1
2019-03-13 08:15:51	3	PIR	3	1
2019-03-13 08:15:57	3	PIR	3	1
2019-03-13 08:20:01	3	PIR	3	1
2019-03-13 08:20:07	3	PIR	3	1
2019-03-13 08:21:43	3	PIR	3	1
2019-03-13 08:21:50	3	PIR	3	1
2019-03-13 08:21:57	3	PIR	3	1
2019-03-13 08:22:02	3	PIR	3	1
2019-03-13 08:23:23	3	PIR	3	1
2019-03-13 08:23:39	3	PIR	3	1
2019-03-13 08:23:47	3	PIR	3	1
2019-03-13 08:23:54	3	PIR	3	1
2019-03-13 08:23:59	3	PIR	3	1
2019-03-13 08:24:03	3	PIR	3	1
2019-03-13 08:24:23	3	PIR	3	1
2019-03-13 08:24:30	3	PIR	3	1
2019-03-13 08:24:35	3	PIR	3	1
2019-03-13 08:24:39	3	PIR	3	1
2019-03-13 08:24:44	3	PIR	3	1
2019-03-13 08:24:48	3	PIR	3	1
2019-03-13 08:24:52	3	PIR	3	1
2019-03-13 08:24:58	3	PIR	3	1
2019-03-13 08:25:02	3	PIR	3	1
2019-03-13 08:25:09	3	PIR	3	1
2019-03-13 08:25:18	3	PIR	3	1
2019-03-13 08:25:22	3	PIR	3	1
2019-03-13 08:25:26	3	PIR	3	1
2019-03-13 08:59:38	3	PIR	3	1
2019-03-13 08:59:42	3	PIR	3	1
2019-03-13 09:07:27	3	PIR	3	1
2019-03-13 09:07:34	3	PIR	3	1
2019-03-13 09:07:38	3	PIR	3	1
2019-03-13 09:07:45	3	PIR	3	1
2019-03-13 09:08:21	3	PIR	3	1
2019-03-13 09:13:13	3	PIR	3	1
2019-03-13 09:42:19	3	PIR	3	1
2019-03-13 11:39:42	3	PIR	3	1
2019-03-13 11:39:46	3	PIR	3	1
2019-03-13 13:33:58	3	PIR	3	1
2019-03-13 13:34:07	3	PIR	3	1
2019-03-13 13:37:14	3	PIR	3	1
2019-03-13 13:37:18	3	PIR	3	1
2019-03-13 13:59:10	3	PIR	3	1
2019-03-13 13:59:14	3	PIR	3	1
2019-03-13 13:59:36	3	PIR	3	1
2019-03-13 13:59:41	3	PIR	3	1
2019-03-13 14:29:32	3	PIR	3	1
2019-03-13 14:29:36	3	PIR	3	1
2019-03-13 14:29:40	3	PIR	3	1
2019-03-13 15:39:41	3	PIR	3	1
2019-03-13 16:03:08	3	PIR	3	1
2019-03-13 16:06:45	3	PIR	3	1
2019-03-13 16:11:42	3	PIR	3	1
2019-03-13 16:11:47	3	PIR	3	1
2019-03-13 16:11:53	3	PIR	3	1
2019-03-13 16:12:00	3	PIR	3	1
2019-03-13 16:12:04	3	PIR	3	1
2019-03-13 16:12:11	3	PIR	3	1
2019-03-13 16:12:57	3	PIR	3	1
2019-03-13 17:13:29	3	PIR	3	1
2019-03-13 17:13:33	3	PIR	3	1
2019-03-13 17:59:43	3	PIR	3	1
2019-03-13 17:59:47	3	PIR	3	1
2019-03-13 18:02:33	3	PIR	3	1
2019-03-13 18:02:37	3	PIR	3	1
2019-03-13 18:03:25	3	PIR	3	1
2019-03-13 18:03:29	3	PIR	3	1
2019-03-14 07:37:16	3	PIR	3	1
2019-03-14 07:37:20	3	PIR	3	1
2019-03-14 07:37:24	3	PIR	3	1
2019-03-14 07:51:09	3	PIR	3	1
2019-03-14 07:51:13	3	PIR	3	1
2019-03-14 07:51:17	3	PIR	3	1
2019-03-14 07:56:14	3	PIR	3	1
2019-03-14 07:56:20	3	PIR	3	1
2019-03-14 07:56:24	3	PIR	3	1
2019-03-14 07:56:41	3	PIR	3	1
2019-03-14 07:57:06	3	PIR	3	1
2019-03-14 07:59:27	3	PIR	3	1
2019-03-14 07:59:31	3	PIR	3	1
2019-03-14 07:59:37	3	PIR	3	1
2019-03-14 08:00:22	3	PIR	3	1
2019-03-14 08:00:26	3	PIR	3	1
2019-03-14 08:02:26	3	PIR	3	1
2019-03-14 08:03:42	3	PIR	3	1
2019-03-14 08:04:03	3	PIR	3	1
2019-03-14 08:04:16	3	PIR	3	1
2019-03-14 08:06:36	3	PIR	3	1
2019-03-14 08:06:40	3	PIR	3	1
2019-03-14 08:06:53	3	PIR	3	1
2019-03-14 08:08:23	3	PIR	3	1
2019-03-14 08:08:28	3	PIR	3	1
2019-03-14 08:08:36	3	PIR	3	1
2019-03-14 08:08:41	3	PIR	3	1
2019-03-14 08:08:50	3	PIR	3	1
2019-03-14 08:09:33	3	PIR	3	1
2019-03-14 08:09:40	3	PIR	3	1
2019-03-14 08:09:58	3	PIR	3	1
2019-03-14 08:10:03	3	PIR	3	1
2019-03-14 08:10:07	3	PIR	3	1
2019-03-14 08:10:13	3	PIR	3	1
2019-03-14 08:10:24	3	PIR	3	1
2019-03-14 08:10:31	3	PIR	3	1
2019-03-14 08:10:35	3	PIR	3	1
2019-03-14 08:10:39	3	PIR	3	1
2019-03-14 08:10:47	3	PIR	3	1
2019-03-14 08:11:04	3	PIR	3	1
2019-03-14 08:11:15	3	PIR	3	1
2019-03-14 08:11:21	3	PIR	3	1
2019-03-14 08:11:38	3	PIR	3	1
2019-03-14 08:11:42	3	PIR	3	1
2019-03-14 08:11:46	3	PIR	3	1
2019-03-14 08:11:51	3	PIR	3	1
2019-03-14 08:11:55	3	PIR	3	1
2019-03-14 08:11:59	3	PIR	3	1
2019-03-14 09:04:16	3	PIR	3	1
2019-03-14 09:04:20	3	PIR	3	1
2019-03-14 09:13:03	3	PIR	3	1
2019-03-14 09:13:07	3	PIR	3	1
2019-03-14 09:13:13	3	PIR	3	1
2019-03-14 09:18:33	3	PIR	3	1
2019-03-14 09:20:04	3	PIR	3	1
2019-03-14 09:20:12	3	PIR	3	1
2019-03-14 09:21:10	3	PIR	3	1
2019-03-14 09:21:20	3	PIR	3	1
2019-03-14 09:21:40	3	PIR	3	1
2019-03-14 09:22:20	3	PIR	3	1
2019-03-14 09:22:57	3	PIR	3	1
2019-03-14 09:23:03	3	PIR	3	1
2019-03-14 09:23:07	3	PIR	3	1
2019-03-14 09:25:05	3	PIR	3	1
2019-03-14 09:34:32	3	PIR	3	1
2019-03-14 09:34:49	3	PIR	3	1
2019-03-14 09:34:52	3	PIR	3	1
2019-03-14 09:36:45	3	PIR	3	1
2019-03-14 09:41:24	3	PIR	3	1
2019-03-14 09:41:30	3	PIR	3	1
2019-03-14 09:41:34	3	PIR	3	1
2019-03-14 09:41:41	3	PIR	3	1
2019-03-14 09:41:47	3	PIR	3	1
2019-03-14 09:41:55	3	PIR	3	1
2019-03-14 09:44:00	3	PIR	3	1
2019-03-14 09:45:10	3	PIR	3	1
2019-03-14 09:46:20	3	PIR	3	1
2019-03-14 09:46:24	3	PIR	3	1
2019-03-14 09:46:32	3	PIR	3	1
2019-03-14 09:50:40	3	PIR	3	1
2019-03-14 09:50:44	3	PIR	3	1
2019-03-14 09:52:51	3	PIR	3	1
2019-03-14 09:52:55	3	PIR	3	1
2019-03-14 09:53:02	3	PIR	3	1
2019-03-14 09:53:06	3	PIR	3	1
2019-03-14 09:53:11	3	PIR	3	1
2019-03-14 10:04:15	3	PIR	3	1
2019-03-14 10:09:09	3	PIR	3	1
2019-03-14 10:36:06	3	PIR	3	1
2019-03-14 10:36:11	3	PIR	3	1
2019-03-14 10:38:32	3	PIR	3	1
2019-03-14 10:38:36	3	PIR	3	1
2019-03-14 10:38:40	3	PIR	3	1
2019-03-14 10:39:03	3	PIR	3	1
2019-03-14 10:39:11	3	PIR	3	1
2019-03-14 10:40:27	3	PIR	3	1
2019-03-14 10:40:51	3	PIR	3	1
2019-03-14 10:41:15	3	PIR	3	1
2019-03-14 10:41:19	3	PIR	3	1
2019-03-14 10:41:23	3	PIR	3	1
2019-03-14 10:42:04	3	PIR	3	1
2019-03-14 10:42:23	3	PIR	3	1
2019-03-14 10:42:27	3	PIR	3	1
2019-03-14 10:43:10	3	PIR	3	1
2019-03-14 10:43:15	3	PIR	3	1
2019-03-14 10:43:20	3	PIR	3	1
2019-03-14 10:43:24	3	PIR	3	1
2019-03-14 10:43:28	3	PIR	3	1
2019-03-14 10:44:59	3	PIR	3	1
2019-03-14 10:45:46	3	PIR	3	1
2019-03-14 10:50:11	3	PIR	3	1
2019-03-14 10:51:10	3	PIR	3	1
2019-03-14 10:52:47	3	PIR	3	1
2019-03-14 10:53:37	3	PIR	3	1
2019-03-14 10:53:43	3	PIR	3	1
2019-03-14 10:54:11	3	PIR	3	1
2019-03-14 10:54:15	3	PIR	3	1
2019-03-14 10:54:20	3	PIR	3	1
2019-03-14 10:54:24	3	PIR	3	1
2019-03-14 10:54:29	3	PIR	3	1
2019-03-14 10:54:35	3	PIR	3	1
2019-03-14 10:54:39	3	PIR	3	1
2019-03-14 10:54:44	3	PIR	3	1
2019-03-14 10:54:49	3	PIR	3	1
2019-03-14 10:55:18	3	PIR	3	1
2019-03-14 10:55:24	3	PIR	3	1
2019-03-14 10:55:30	3	PIR	3	1
2019-03-14 10:55:34	3	PIR	3	1
2019-03-14 10:55:39	3	PIR	3	1
2019-03-14 10:56:04	3	PIR	3	1
2019-03-14 10:56:17	3	PIR	3	1
2019-03-14 10:57:25	3	PIR	3	1
2019-03-14 10:59:15	3	PIR	3	1
2019-03-14 10:59:28	3	PIR	3	1
2019-03-14 11:00:15	3	PIR	3	1
2019-03-14 11:00:19	3	PIR	3	1
2019-03-14 11:00:25	3	PIR	3	1
2019-03-14 11:00:29	3	PIR	3	1
2019-03-14 11:00:40	3	PIR	3	1
2019-03-14 11:00:48	3	PIR	3	1
2019-03-14 11:01:00	3	PIR	3	1
2019-03-14 11:01:06	3	PIR	3	1
2019-03-14 11:01:37	3	PIR	3	1
2019-03-14 11:05:59	3	PIR	3	1
2019-03-14 11:06:04	3	PIR	3	1
2019-03-14 11:06:08	3	PIR	3	1
2019-03-14 11:06:36	3	PIR	3	1
2019-03-14 11:16:12	3	PIR	3	1
2019-03-14 11:16:17	3	PIR	3	1
2019-03-14 11:16:28	3	PIR	3	1
2019-03-14 11:16:56	3	PIR	3	1
2019-03-14 11:17:09	3	PIR	3	1
2019-03-14 11:17:20	3	PIR	3	1
2019-03-14 11:17:33	3	PIR	3	1
2019-03-14 11:17:40	3	PIR	3	1
2019-03-14 11:17:48	3	PIR	3	1
2019-03-14 11:18:41	3	PIR	3	1
2019-03-14 11:18:45	3	PIR	3	1
2019-03-14 11:20:26	3	PIR	3	1
2019-03-14 11:23:33	3	PIR	3	1
2019-03-14 11:24:37	3	PIR	3	1
2019-03-14 11:26:16	3	PIR	3	1
2019-03-14 11:31:30	3	PIR	3	1
2019-03-14 11:31:41	3	PIR	3	1
2019-03-14 11:31:45	3	PIR	3	1
2019-03-14 11:31:56	3	PIR	3	1
2019-03-14 11:32:12	3	PIR	3	1
2019-03-14 11:32:19	3	PIR	3	1
2019-03-14 11:32:28	3	PIR	3	1
2019-03-14 11:33:32	3	PIR	3	1
2019-03-14 11:33:44	3	PIR	3	1
2019-03-14 11:34:34	3	PIR	3	1
2019-03-14 11:34:38	3	PIR	3	1
2019-03-14 11:34:47	3	PIR	3	1
2019-03-14 11:35:12	3	PIR	3	1
2019-03-14 11:35:23	3	PIR	3	1
2019-03-14 11:35:27	3	PIR	3	1
2019-03-14 11:35:41	3	PIR	3	1
2019-03-14 11:35:58	3	PIR	3	1
2019-03-14 11:36:05	3	PIR	3	1
2019-03-14 11:39:37	3	PIR	3	1
2019-03-14 11:39:41	3	PIR	3	1
2019-03-14 11:40:29	3	PIR	3	1
2019-03-14 11:40:33	3	PIR	3	1
2019-03-14 11:43:07	3	PIR	3	1
2019-03-14 11:43:37	3	PIR	3	1
2019-03-14 13:05:48	3	PIR	3	1
2019-03-14 13:05:52	3	PIR	3	1
2019-03-14 13:05:56	3	PIR	3	1
2019-03-14 13:06:07	3	PIR	3	1
2019-03-14 13:23:30	3	PIR	3	1
2019-03-14 13:27:07	3	PIR	3	1
2019-03-14 13:27:13	3	PIR	3	1
2019-03-14 13:41:23	3	PIR	3	1
2019-03-14 13:41:28	3	PIR	3	1
2019-03-14 14:01:53	3	PIR	3	1
2019-03-14 14:01:57	3	PIR	3	1
2019-03-14 14:02:17	3	PIR	3	1
2019-03-14 14:02:21	3	PIR	3	1
2019-03-14 14:05:49	3	PIR	3	1
2019-03-14 14:05:54	3	PIR	3	1
2019-03-14 14:15:50	3	PIR	3	1
2019-03-14 14:15:55	3	PIR	3	1
2019-03-14 14:44:34	3	PIR	3	1
2019-03-14 14:44:39	3	PIR	3	1
2019-03-14 14:46:53	3	PIR	3	1
2019-03-14 14:47:04	3	PIR	3	1
2019-03-14 14:56:59	3	PIR	3	1
2019-03-14 14:57:27	3	PIR	3	1
2019-03-14 15:12:40	3	PIR	3	1
2019-03-14 15:37:44	3	PIR	3	1
2019-03-14 15:37:51	3	PIR	3	1
2019-03-14 15:37:58	3	PIR	3	1
2019-03-14 15:38:05	3	PIR	3	1
2019-03-14 15:38:11	3	PIR	3	1
2019-03-14 15:38:19	3	PIR	3	1
2019-03-14 15:38:23	3	PIR	3	1
2019-03-14 15:38:48	3	PIR	3	1
2019-03-14 15:41:07	3	PIR	3	1
2019-03-14 15:42:08	3	PIR	3	1
2019-03-14 15:43:46	3	PIR	3	1
2019-03-14 15:48:14	3	PIR	3	1
2019-03-14 15:49:30	3	PIR	3	1
2019-03-14 15:57:21	3	PIR	3	1
2019-03-14 16:05:36	3	PIR	3	1
2019-03-14 16:05:41	3	PIR	3	1
2019-03-14 17:00:55	3	PIR	3	1
2019-03-14 17:01:25	3	PIR	3	1
2019-03-14 17:02:04	3	PIR	3	1
2019-03-14 17:02:08	3	PIR	3	1
2019-03-14 17:02:29	3	PIR	3	1
2019-03-14 17:02:43	3	PIR	3	1
2019-03-14 17:02:51	3	PIR	3	1
2019-03-14 17:02:58	3	PIR	3	1
2019-03-14 17:03:04	3	PIR	3	1
2019-03-14 17:03:35	3	PIR	3	1
2019-03-14 17:03:42	3	PIR	3	1
2019-03-14 17:03:49	3	PIR	3	1
2019-03-15 14:53:33	3	PIR	3	1
2019-03-15 17:39:16	3	PIR	3	1
2019-03-15 17:39:20	3	PIR	3	1
2019-03-15 17:39:25	3	PIR	3	1
2019-03-15 17:51:28	3	PIR	3	1
2019-03-15 17:53:21	3	PIR	3	1
2019-03-15 17:53:54	3	PIR	3	1
2019-03-16 10:23:03	3	PIR	3	1
2019-03-16 10:23:07	3	PIR	3	1
2019-03-16 10:26:41	3	PIR	3	1
2019-03-16 10:26:47	3	PIR	3	1
2019-03-16 10:27:17	3	PIR	3	1
2019-03-16 10:27:28	3	PIR	3	1
2019-03-16 12:10:06	3	PIR	3	1
2019-03-16 12:10:13	3	PIR	3	1
2019-03-16 12:10:54	3	PIR	3	1
2019-03-16 12:10:58	3	PIR	3	1
2019-03-16 12:11:42	3	PIR	3	1
2019-03-16 12:11:46	3	PIR	3	1
2019-03-18 07:44:32	3	PIR	3	1
2019-03-18 07:44:38	3	PIR	3	1
2019-03-18 07:44:43	3	PIR	3	1
2019-03-18 07:44:49	3	PIR	3	1
2019-03-18 07:44:57	3	PIR	3	1
2019-03-18 07:45:06	3	PIR	3	1
2019-03-18 07:49:47	3	PIR	3	1
2019-03-18 07:49:52	3	PIR	3	1
2019-03-18 07:49:56	3	PIR	3	1
2019-03-18 07:50:00	3	PIR	3	1
2019-03-18 07:50:05	3	PIR	3	1
2019-03-18 07:53:57	3	PIR	3	1
2019-03-18 07:54:01	3	PIR	3	1
2019-03-18 07:54:08	3	PIR	3	1
2019-03-18 07:54:14	3	PIR	3	1
2019-03-18 07:54:19	3	PIR	3	1
2019-03-18 07:54:25	3	PIR	3	1
2019-03-18 07:54:41	3	PIR	3	1
2019-03-18 07:54:57	3	PIR	3	1
2019-03-18 07:55:02	3	PIR	3	1
2019-03-18 07:56:16	3	PIR	3	1
2019-03-18 07:56:22	3	PIR	3	1
2019-03-18 07:56:29	3	PIR	3	1
2019-03-18 07:56:35	3	PIR	3	1
2019-03-18 07:56:39	3	PIR	3	1
2019-03-18 07:56:46	3	PIR	3	1
2019-03-18 07:56:54	3	PIR	3	1
2019-03-18 07:56:58	3	PIR	3	1
2019-03-18 07:57:08	3	PIR	3	1
2019-03-18 07:57:13	3	PIR	3	1
2019-03-18 07:57:17	3	PIR	3	1
2019-03-18 07:57:24	3	PIR	3	1
2019-03-18 07:57:31	3	PIR	3	1
2019-03-18 07:57:36	3	PIR	3	1
2019-03-18 08:33:00	3	PIR	3	1
2019-03-18 08:33:04	3	PIR	3	1
2019-03-18 08:33:08	3	PIR	3	1
2019-03-18 08:35:02	3	PIR	3	1
2019-03-18 08:35:06	3	PIR	3	1
2019-03-18 08:59:49	3	PIR	3	1
2019-03-18 08:59:55	3	PIR	3	1
2019-03-18 09:08:50	3	PIR	3	1
2019-03-18 09:08:58	3	PIR	3	1
2019-03-18 09:14:38	3	PIR	3	1
2019-03-18 09:27:43	3	PIR	3	1
2019-03-18 09:27:53	3	PIR	3	1
2019-03-18 09:28:04	3	PIR	3	1
2019-03-18 09:28:08	3	PIR	3	1
2019-03-18 09:28:25	3	PIR	3	1
2019-03-18 09:28:29	3	PIR	3	1
2019-03-18 09:28:43	3	PIR	3	1
2019-03-18 10:24:56	3	PIR	3	1
2019-03-18 10:25:13	3	PIR	3	1
2019-03-18 10:47:05	3	PIR	3	1
2019-03-18 10:47:09	3	PIR	3	1
2019-03-18 10:47:36	3	PIR	3	1
2019-03-18 11:06:07	3	PIR	3	1
2019-03-18 11:06:27	3	PIR	3	1
2019-03-18 11:06:31	3	PIR	3	1
2019-03-18 12:15:35	3	PIR	3	1
2019-03-18 12:51:00	3	PIR	3	1
2019-03-18 13:00:28	3	PIR	3	1
2019-03-18 13:00:32	3	PIR	3	1
2019-03-18 13:03:15	3	PIR	3	1
2019-03-18 13:08:37	3	PIR	3	1
2019-03-18 13:15:28	3	PIR	3	1
2019-03-18 13:16:16	3	PIR	3	1
2019-03-18 13:44:51	3	PIR	3	1
2019-03-18 13:44:55	3	PIR	3	1
2019-03-18 13:45:00	3	PIR	3	1
2019-03-18 14:42:36	3	PIR	3	1
2019-03-18 14:42:43	3	PIR	3	1
2019-03-18 15:48:13	3	PIR	3	1
2019-03-18 16:06:37	3	PIR	3	1
2019-03-18 16:06:41	3	PIR	3	1
2019-03-18 16:06:47	3	PIR	3	1
2019-03-18 16:06:53	3	PIR	3	1
2019-03-18 16:06:59	3	PIR	3	1
2019-03-18 17:07:11	3	PIR	3	1
2019-03-18 17:07:15	3	PIR	3	1
2019-03-19 07:29:23	3	PIR	3	1
2019-03-19 07:29:27	3	PIR	3	1
2019-03-19 07:44:45	3	PIR	3	1
2019-03-19 07:44:52	3	PIR	3	1
2019-03-19 07:44:56	3	PIR	3	1
2019-03-19 07:45:00	3	PIR	3	1
2019-03-19 07:45:19	3	PIR	3	1
2019-03-19 07:49:29	3	PIR	3	1
2019-03-19 07:49:43	3	PIR	3	1
2019-03-19 07:49:54	3	PIR	3	1
2019-03-19 07:50:09	3	PIR	3	1
2019-03-19 07:50:13	3	PIR	3	1
2019-03-19 07:54:44	3	PIR	3	1
2019-03-19 07:54:56	3	PIR	3	1
2019-03-19 07:55:08	3	PIR	3	1
2019-03-19 07:56:36	3	PIR	3	1
2019-03-19 07:56:42	3	PIR	3	1
2019-03-19 07:57:04	3	PIR	3	1
2019-03-19 07:57:11	3	PIR	3	1
2019-03-19 07:57:23	3	PIR	3	1
2019-03-19 07:58:14	3	PIR	3	1
2019-03-19 07:58:21	3	PIR	3	1
2019-03-19 07:58:25	3	PIR	3	1
2019-03-19 07:58:32	3	PIR	3	1
2019-03-19 07:58:39	3	PIR	3	1
2019-03-19 07:58:47	3	PIR	3	1
2019-03-19 07:58:56	3	PIR	3	1
2019-03-19 07:59:00	3	PIR	3	1
2019-03-19 07:59:06	3	PIR	3	1
2019-03-19 07:59:10	3	PIR	3	1
2019-03-19 07:59:22	3	PIR	3	1
2019-03-19 07:59:26	3	PIR	3	1
2019-03-19 07:59:33	3	PIR	3	1
2019-03-19 07:59:40	3	PIR	3	1
2019-03-19 08:39:56	3	PIR	3	1
2019-03-19 08:40:03	3	PIR	3	1
2019-03-19 08:54:26	3	PIR	3	1
2019-03-19 08:54:30	3	PIR	3	1
2019-03-19 09:01:47	3	PIR	3	1
2019-03-19 09:01:54	3	PIR	3	1
2019-03-19 09:02:43	3	PIR	3	1
2019-03-19 09:02:56	3	PIR	3	1
2019-03-19 09:08:28	3	PIR	3	1
2019-03-19 09:08:33	3	PIR	3	1
2019-03-19 09:08:37	3	PIR	3	1
2019-03-19 09:08:41	3	PIR	3	1
2019-03-19 09:11:07	3	PIR	3	1
2019-03-19 09:11:11	3	PIR	3	1
2019-03-19 09:11:15	3	PIR	3	1
2019-03-19 09:22:00	3	PIR	3	1
2019-03-19 10:34:07	3	PIR	3	1
2019-03-19 10:34:20	3	PIR	3	1
2019-03-19 10:34:27	3	PIR	3	1
2019-03-19 12:05:41	3	PIR	3	1
2019-03-19 12:19:30	3	PIR	3	1
2019-03-19 12:19:34	3	PIR	3	1
2019-03-19 12:31:38	3	PIR	3	1
2019-03-19 12:31:42	3	PIR	3	1
2019-03-19 12:31:46	3	PIR	3	1
2019-03-19 12:31:51	3	PIR	3	1
2019-03-19 12:31:58	3	PIR	3	1
2019-03-19 12:32:07	3	PIR	3	1
2019-03-19 12:32:11	3	PIR	3	1
2019-03-19 12:32:15	3	PIR	3	1
2019-03-19 12:32:26	3	PIR	3	1
2019-03-19 12:32:30	3	PIR	3	1
2019-03-19 12:33:29	3	PIR	3	1
2019-03-19 12:33:36	3	PIR	3	1
2019-03-19 12:34:07	3	PIR	3	1
2019-03-19 12:34:13	3	PIR	3	1
2019-03-19 12:37:25	3	PIR	3	1
2019-03-19 13:05:38	3	PIR	3	1
2019-03-19 13:05:45	3	PIR	3	1
2019-03-19 13:10:03	3	PIR	3	1
2019-03-19 13:10:09	3	PIR	3	1
2019-03-19 13:10:13	3	PIR	3	1
2019-03-19 13:11:52	3	PIR	3	1
2019-03-19 13:11:58	3	PIR	3	1
2019-03-19 13:13:26	3	PIR	3	1
2019-03-19 13:13:30	3	PIR	3	1
2019-03-19 13:13:36	3	PIR	3	1
2019-03-19 13:14:07	3	PIR	3	1
2019-03-19 13:16:07	3	PIR	3	1
2019-03-19 13:16:15	3	PIR	3	1
2019-03-19 13:16:31	3	PIR	3	1
2019-03-19 13:16:35	3	PIR	3	1
2019-03-19 13:16:41	3	PIR	3	1
2019-03-19 13:50:58	3	PIR	3	1
2019-03-19 13:51:02	3	PIR	3	1
2019-03-19 15:40:50	3	PIR	3	1
2019-03-19 16:43:41	3	PIR	3	1
2019-03-19 16:43:45	3	PIR	3	1
2019-03-19 17:58:52	3	PIR	3	1
2019-03-20 07:54:23	3	PIR	3	1
2019-03-20 07:54:28	3	PIR	3	1
2019-03-20 07:54:42	3	PIR	3	1
2019-03-20 07:55:04	3	PIR	3	1
2019-03-20 07:59:10	3	PIR	3	1
2019-03-20 07:59:14	3	PIR	3	1
2019-03-20 07:59:21	3	PIR	3	1
2019-03-20 07:59:28	3	PIR	3	1
2019-03-20 07:59:33	3	PIR	3	1
2019-03-20 07:59:40	3	PIR	3	1
2019-03-20 07:59:47	3	PIR	3	1
2019-03-20 07:59:51	3	PIR	3	1
2019-03-20 08:00:48	3	PIR	3	1
2019-03-20 08:00:57	3	PIR	3	1
2019-03-20 08:01:05	3	PIR	3	1
2019-03-20 08:02:56	3	PIR	3	1
2019-03-20 08:03:03	3	PIR	3	1
2019-03-20 08:03:09	3	PIR	3	1
2019-03-20 08:03:13	3	PIR	3	1
2019-03-20 08:03:21	3	PIR	3	1
2019-03-20 08:03:31	3	PIR	3	1
2019-03-20 08:04:29	3	PIR	3	1
2019-03-20 08:04:33	3	PIR	3	1
2019-03-20 08:04:39	3	PIR	3	1
2019-03-20 08:05:18	3	PIR	3	1
2019-03-20 08:05:22	3	PIR	3	1
2019-03-20 08:05:28	3	PIR	3	1
2019-03-20 08:05:32	3	PIR	3	1
2019-03-20 08:05:39	3	PIR	3	1
2019-03-20 08:05:44	3	PIR	3	1
2019-03-20 08:30:38	3	PIR	3	1
2019-03-20 09:05:45	3	PIR	3	1
2019-03-20 09:05:49	3	PIR	3	1
2019-03-20 09:05:53	3	PIR	3	1
2019-03-20 09:06:25	3	PIR	3	1
2019-03-20 09:07:20	3	PIR	3	1
2019-03-20 09:12:48	3	PIR	3	1
2019-03-20 09:12:52	3	PIR	3	1
2019-03-20 09:12:56	3	PIR	3	1
2019-03-20 09:13:00	3	PIR	3	1
2019-03-20 12:48:32	3	PIR	3	1
2019-03-20 12:48:36	3	PIR	3	1
2019-03-20 12:48:41	3	PIR	3	1
2019-03-20 13:16:47	3	PIR	3	1
2019-03-20 13:16:51	3	PIR	3	1
2019-03-20 13:18:21	3	PIR	3	1
2019-03-20 13:18:25	3	PIR	3	1
2019-03-20 13:23:06	3	PIR	3	1
2019-03-20 13:23:10	3	PIR	3	1
2019-03-20 13:35:35	3	PIR	3	1
2019-03-20 13:35:47	3	PIR	3	1
2019-03-20 13:41:46	3	PIR	3	1
2019-03-20 13:41:50	3	PIR	3	1
2019-03-20 13:41:59	3	PIR	3	1
2019-03-20 13:57:52	3	PIR	3	1
2019-03-20 13:57:58	3	PIR	3	1
2019-03-20 14:45:25	3	PIR	3	1
2019-03-20 14:45:54	3	PIR	3	1
2019-03-20 14:46:16	3	PIR	3	1
2019-03-20 14:57:37	3	PIR	3	1
2019-03-20 16:37:51	3	PIR	3	1
2019-03-20 17:10:00	3	PIR	3	1
2019-03-20 17:36:30	3	PIR	3	1
2019-03-20 17:36:34	3	PIR	3	1
2019-03-20 17:36:42	3	PIR	3	1
2019-03-20 17:36:46	3	PIR	3	1
2019-03-20 17:36:51	3	PIR	3	1
2019-03-20 17:53:17	3	PIR	3	1
2019-03-20 17:53:21	3	PIR	3	1
2019-03-20 17:53:26	3	PIR	3	1
2019-03-20 17:53:38	3	PIR	3	1
2019-03-20 17:53:45	3	PIR	3	1
2019-03-20 17:53:52	3	PIR	3	1
2019-03-20 17:54:01	3	PIR	3	1
2019-03-20 17:54:05	3	PIR	3	1
2019-03-20 17:55:40	3	PIR	3	1
2019-03-20 17:55:44	3	PIR	3	1
2019-03-20 17:55:51	3	PIR	3	1
2019-03-21 08:22:21	3	PIR	3	1
2019-03-21 08:22:28	3	PIR	3	1
2019-03-21 08:22:39	3	PIR	3	1
2019-03-21 08:22:46	3	PIR	3	1
2019-03-21 08:22:53	3	PIR	3	1
2019-03-21 08:23:00	3	PIR	3	1
2019-03-21 08:27:19	3	PIR	3	1
2019-03-21 08:29:41	3	PIR	3	1
2019-03-21 08:29:47	3	PIR	3	1
2019-03-21 08:29:51	3	PIR	3	1
2019-03-21 08:29:55	3	PIR	3	1
2019-03-21 08:30:08	3	PIR	3	1
2019-03-21 08:30:20	3	PIR	3	1
2019-03-21 08:30:27	3	PIR	3	1
2019-03-21 08:32:36	3	PIR	3	1
2019-03-21 08:32:40	3	PIR	3	1
2019-03-21 08:32:50	3	PIR	3	1
2019-03-21 08:32:59	3	PIR	3	1
2019-03-21 08:33:06	3	PIR	3	1
2019-03-21 08:33:12	3	PIR	3	1
2019-03-21 08:33:19	3	PIR	3	1
2019-03-21 08:34:33	3	PIR	3	1
2019-03-21 08:34:37	3	PIR	3	1
2019-03-21 09:03:06	3	PIR	3	1
2019-03-21 09:03:12	3	PIR	3	1
2019-03-21 09:04:02	3	PIR	3	1
2019-03-21 09:04:17	3	PIR	3	1
2019-03-21 09:08:02	3	PIR	3	1
2019-03-21 09:08:06	3	PIR	3	1
2019-03-21 09:08:11	3	PIR	3	1
2019-03-21 09:08:19	3	PIR	3	1
2019-03-21 09:08:23	3	PIR	3	1
2019-03-21 09:14:37	3	PIR	3	1
2019-03-21 09:14:41	3	PIR	3	1
2019-03-21 09:15:12	3	PIR	3	1
2019-03-21 09:15:16	3	PIR	3	1
2019-03-21 09:18:18	3	PIR	3	1
2019-03-21 09:19:01	3	PIR	3	1
2019-03-21 09:19:32	3	PIR	3	1
2019-03-21 09:19:39	3	PIR	3	1
2019-03-21 09:19:43	3	PIR	3	1
2019-03-21 09:19:51	3	PIR	3	1
2019-03-21 09:19:57	3	PIR	3	1
2019-03-21 09:20:12	3	PIR	3	1
2019-03-21 09:20:16	3	PIR	3	1
2019-03-21 09:20:29	3	PIR	3	1
2019-03-21 09:36:25	3	PIR	3	1
2019-03-21 09:36:31	3	PIR	3	1
2019-03-21 09:36:35	3	PIR	3	1
2019-03-21 09:37:22	3	PIR	3	1
2019-03-21 09:37:26	3	PIR	3	1
2019-03-21 09:37:37	3	PIR	3	1
2019-03-21 09:37:41	3	PIR	3	1
2019-03-21 09:38:09	3	PIR	3	1
2019-03-21 09:38:20	3	PIR	3	1
2019-03-21 09:38:26	3	PIR	3	1
2019-03-21 09:38:30	3	PIR	3	1
2019-03-21 09:38:34	3	PIR	3	1
2019-03-21 09:38:50	3	PIR	3	1
2019-03-21 09:38:56	3	PIR	3	1
2019-03-21 09:39:01	3	PIR	3	1
2019-03-21 09:39:19	3	PIR	3	1
2019-03-21 09:39:42	3	PIR	3	1
2019-03-21 09:39:46	3	PIR	3	1
2019-03-21 09:39:50	3	PIR	3	1
2019-03-21 09:40:07	3	PIR	3	1
2019-03-21 09:40:16	3	PIR	3	1
2019-03-21 09:40:41	3	PIR	3	1
2019-03-21 09:40:58	3	PIR	3	1
2019-03-21 09:41:12	3	PIR	3	1
2019-03-21 09:41:45	3	PIR	3	1
2019-03-21 09:41:54	3	PIR	3	1
2019-03-21 09:42:13	3	PIR	3	1
2019-03-21 09:42:22	3	PIR	3	1
2019-03-21 09:42:38	3	PIR	3	1
2019-03-21 09:42:42	3	PIR	3	1
2019-03-21 09:42:57	3	PIR	3	1
2019-03-21 09:43:04	3	PIR	3	1
2019-03-21 09:43:08	3	PIR	3	1
2019-03-21 09:43:19	3	PIR	3	1
2019-03-21 09:43:23	3	PIR	3	1
2019-03-21 09:43:29	3	PIR	3	1
2019-03-21 09:43:38	3	PIR	3	1
2019-03-21 09:43:42	3	PIR	3	1
2019-03-21 09:43:49	3	PIR	3	1
2019-03-21 09:44:07	3	PIR	3	1
2019-03-21 09:44:16	3	PIR	3	1
2019-03-21 09:44:20	3	PIR	3	1
2019-03-21 09:44:35	3	PIR	3	1
2019-03-21 09:44:40	3	PIR	3	1
2019-03-21 09:44:49	3	PIR	3	1
2019-03-21 09:44:53	3	PIR	3	1
2019-03-21 09:44:59	3	PIR	3	1
2019-03-21 09:45:14	3	PIR	3	1
2019-03-21 09:45:19	3	PIR	3	1
2019-03-21 09:45:23	3	PIR	3	1
2019-03-21 09:45:30	3	PIR	3	1
2019-03-21 09:45:45	3	PIR	3	1
2019-03-21 09:45:50	3	PIR	3	1
2019-03-21 09:46:08	3	PIR	3	1
2019-03-21 09:46:12	3	PIR	3	1
2019-03-21 09:46:34	3	PIR	3	1
2019-03-21 09:46:46	3	PIR	3	1
2019-03-21 09:46:50	3	PIR	3	1
2019-03-21 09:46:54	3	PIR	3	1
2019-03-21 09:47:08	3	PIR	3	1
2019-03-21 09:47:13	3	PIR	3	1
2019-03-21 09:47:31	3	PIR	3	1
2019-03-21 09:47:35	3	PIR	3	1
2019-03-21 09:47:39	3	PIR	3	1
2019-03-21 09:47:43	3	PIR	3	1
2019-03-21 09:47:50	3	PIR	3	1
2019-03-21 09:48:03	3	PIR	3	1
2019-03-21 09:48:10	3	PIR	3	1
2019-03-21 09:48:17	3	PIR	3	1
2019-03-21 09:48:44	3	PIR	3	1
2019-03-21 09:48:54	3	PIR	3	1
2019-03-21 09:49:15	3	PIR	3	1
2019-03-21 09:49:20	3	PIR	3	1
2019-03-21 09:49:27	3	PIR	3	1
2019-03-21 09:49:45	3	PIR	3	1
2019-03-21 09:49:49	3	PIR	3	1
2019-03-21 09:49:55	3	PIR	3	1
2019-03-21 09:49:59	3	PIR	3	1
2019-03-21 09:50:03	3	PIR	3	1
2019-03-21 09:50:25	3	PIR	3	1
2019-03-21 09:50:30	3	PIR	3	1
2019-03-21 09:50:37	3	PIR	3	1
2019-03-21 09:50:58	3	PIR	3	1
2019-03-21 09:51:02	3	PIR	3	1
2019-03-21 09:51:10	3	PIR	3	1
2019-03-21 09:51:14	3	PIR	3	1
2019-03-21 09:51:20	3	PIR	3	1
2019-03-21 09:51:43	3	PIR	3	1
2019-03-21 09:51:49	3	PIR	3	1
2019-03-21 09:51:55	3	PIR	3	1
2019-03-21 09:52:16	3	PIR	3	1
2019-03-21 09:52:22	3	PIR	3	1
2019-03-21 09:52:26	3	PIR	3	1
2019-03-21 09:52:30	3	PIR	3	1
2019-03-21 09:52:50	3	PIR	3	1
2019-03-21 09:52:54	3	PIR	3	1
2019-03-21 09:52:58	3	PIR	3	1
2019-03-21 09:53:03	3	PIR	3	1
2019-03-21 09:53:26	3	PIR	3	1
2019-03-21 09:53:30	3	PIR	3	1
2019-03-21 09:53:40	3	PIR	3	1
2019-03-21 09:53:44	3	PIR	3	1
2019-03-21 09:54:04	3	PIR	3	1
2019-03-21 09:54:14	3	PIR	3	1
2019-03-21 09:54:19	3	PIR	3	1
2019-03-21 09:54:40	3	PIR	3	1
2019-03-21 09:54:49	3	PIR	3	1
2019-03-21 09:54:53	3	PIR	3	1
2019-03-21 09:55:18	3	PIR	3	1
2019-03-21 09:55:29	3	PIR	3	1
2019-03-21 09:55:34	3	PIR	3	1
2019-03-21 09:56:01	3	PIR	3	1
2019-03-21 09:56:14	3	PIR	3	1
2019-03-21 09:56:18	3	PIR	3	1
2019-03-21 09:56:41	3	PIR	3	1
2019-03-21 09:56:55	3	PIR	3	1
2019-03-21 09:56:59	3	PIR	3	1
2019-03-21 09:57:22	3	PIR	3	1
2019-03-21 09:57:35	3	PIR	3	1
2019-03-21 09:57:59	3	PIR	3	1
2019-03-21 09:58:03	3	PIR	3	1
2019-03-21 09:58:07	3	PIR	3	1
2019-03-21 09:58:31	3	PIR	3	1
2019-03-21 09:58:43	3	PIR	3	1
2019-03-21 09:58:47	3	PIR	3	1
2019-03-21 09:59:07	3	PIR	3	1
2019-03-21 09:59:16	3	PIR	3	1
2019-03-21 09:59:23	3	PIR	3	1
2019-03-21 09:59:49	3	PIR	3	1
2019-03-21 09:59:54	3	PIR	3	1
2019-03-21 10:00:14	3	PIR	3	1
2019-03-21 10:00:18	3	PIR	3	1
2019-03-21 10:00:27	3	PIR	3	1
2019-03-21 10:00:52	3	PIR	3	1
2019-03-21 10:01:05	3	PIR	3	1
2019-03-21 10:01:10	3	PIR	3	1
2019-03-21 10:01:27	3	PIR	3	1
2019-03-21 10:01:31	3	PIR	3	1
2019-03-21 10:01:41	3	PIR	3	1
2019-03-21 10:01:47	3	PIR	3	1
2019-03-21 10:02:02	3	PIR	3	1
2019-03-21 10:02:09	3	PIR	3	1
2019-03-21 10:02:13	3	PIR	3	1
2019-03-21 10:02:34	3	PIR	3	1
2019-03-21 10:02:45	3	PIR	3	1
2019-03-21 10:02:49	3	PIR	3	1
2019-03-21 10:03:08	3	PIR	3	1
2019-03-21 10:49:11	3	PIR	3	1
2019-03-21 10:51:33	3	PIR	3	1
2019-03-21 10:51:37	3	PIR	3	1
2019-03-21 11:28:55	3	PIR	3	1
2019-03-21 11:28:59	3	PIR	3	1
2019-03-21 11:36:39	3	PIR	3	1
2019-03-21 11:36:44	3	PIR	3	1
2019-03-21 11:36:51	3	PIR	3	1
2019-03-21 11:57:25	3	PIR	3	1
2019-03-21 11:58:53	3	PIR	3	1
2019-03-21 11:59:00	3	PIR	3	1
2019-03-21 11:59:04	3	PIR	3	1
2019-03-21 12:02:21	3	PIR	3	1
2019-03-21 12:02:26	3	PIR	3	1
2019-03-21 12:02:33	3	PIR	3	1
2019-03-21 12:02:37	3	PIR	3	1
2019-03-21 12:03:51	3	PIR	3	1
2019-03-21 12:04:07	3	PIR	3	1
2019-03-21 12:04:11	3	PIR	3	1
2019-03-21 12:04:19	3	PIR	3	1
2019-03-21 12:04:23	3	PIR	3	1
2019-03-21 12:04:31	3	PIR	3	1
2019-03-21 12:04:35	3	PIR	3	1
2019-03-21 12:04:48	3	PIR	3	1
2019-03-21 12:04:52	3	PIR	3	1
2019-03-21 12:05:07	3	PIR	3	1
2019-03-21 12:05:14	3	PIR	3	1
2019-03-21 12:05:20	3	PIR	3	1
2019-03-21 12:05:29	3	PIR	3	1
2019-03-21 12:05:45	3	PIR	3	1
2019-03-21 12:05:49	3	PIR	3	1
2019-03-21 12:05:54	3	PIR	3	1
2019-03-21 12:06:02	3	PIR	3	1
2019-03-21 12:06:07	3	PIR	3	1
2019-03-21 12:06:13	3	PIR	3	1
2019-03-21 12:06:19	3	PIR	3	1
2019-03-21 12:07:15	3	PIR	3	1
2019-03-21 12:07:47	3	PIR	3	1
2019-03-21 12:07:55	3	PIR	3	1
2019-03-21 12:08:12	3	PIR	3	1
2019-03-21 12:08:23	3	PIR	3	1
2019-03-21 12:08:50	3	PIR	3	1
2019-03-21 12:09:41	3	PIR	3	1
2019-03-21 12:09:46	3	PIR	3	1
2019-03-21 12:09:51	3	PIR	3	1
2019-03-21 12:09:58	3	PIR	3	1
2019-03-21 12:17:38	3	PIR	3	1
2019-03-21 12:19:55	3	PIR	3	1
2019-03-21 12:20:09	3	PIR	3	1
2019-03-21 12:20:14	3	PIR	3	1
2019-03-21 12:20:28	3	PIR	3	1
2019-03-21 12:20:42	3	PIR	3	1
2019-03-21 12:20:47	3	PIR	3	1
2019-03-21 12:20:51	3	PIR	3	1
2019-03-21 12:24:14	3	PIR	3	1
2019-03-21 12:27:57	3	PIR	3	1
2019-03-21 12:28:01	3	PIR	3	1
2019-03-21 12:28:08	3	PIR	3	1
2019-03-21 12:28:18	3	PIR	3	1
2019-03-21 12:28:22	3	PIR	3	1
2019-03-21 12:29:20	3	PIR	3	1
2019-03-21 12:29:36	3	PIR	3	1
2019-03-21 12:29:40	3	PIR	3	1
2019-03-21 12:29:47	3	PIR	3	1
2019-03-21 12:41:20	3	PIR	3	1
2019-03-21 12:41:26	3	PIR	3	1
2019-03-21 12:41:41	3	PIR	3	1
2019-03-21 12:41:45	3	PIR	3	1
2019-03-21 12:42:09	3	PIR	3	1
2019-03-21 12:42:13	3	PIR	3	1
2019-03-21 12:42:34	3	PIR	3	1
2019-03-21 12:42:41	3	PIR	3	1
2019-03-21 12:43:13	3	PIR	3	1
2019-03-21 12:43:37	3	PIR	3	1
2019-03-21 12:52:18	3	PIR	3	1
2019-03-21 12:52:25	3	PIR	3	1
2019-03-21 12:52:45	3	PIR	3	1
2019-03-21 12:53:55	3	PIR	3	1
2019-03-21 12:53:59	3	PIR	3	1
2019-03-21 12:58:29	3	PIR	3	1
2019-03-21 12:58:33	3	PIR	3	1
2019-03-21 13:05:45	3	PIR	3	1
2019-03-21 13:06:04	3	PIR	3	1
2019-03-21 13:06:08	3	PIR	3	1
2019-03-21 13:14:49	3	PIR	3	1
2019-03-21 13:14:54	3	PIR	3	1
2019-03-21 13:34:52	3	PIR	3	1
2019-03-21 13:35:10	3	PIR	3	1
2019-03-21 13:52:47	3	PIR	3	1
2019-03-21 13:53:18	3	PIR	3	1
2019-03-21 13:53:27	3	PIR	3	1
2019-03-21 13:53:31	3	PIR	3	1
2019-03-21 13:53:38	3	PIR	3	1
2019-03-21 14:08:49	3	PIR	3	1
2019-03-21 14:08:54	3	PIR	3	1
2019-03-21 14:29:43	3	PIR	3	1
2019-03-21 14:29:48	3	PIR	3	1
2019-03-21 14:32:35	3	PIR	3	1
2019-03-21 14:32:43	3	PIR	3	1
2019-03-21 14:32:49	3	PIR	3	1
2019-03-21 14:38:23	3	PIR	3	1
2019-03-21 14:43:05	3	PIR	3	1
2019-03-21 15:09:26	3	PIR	3	1
2019-03-21 16:04:56	3	PIR	3	1
2019-03-21 16:05:01	3	PIR	3	1
2019-03-21 16:17:52	3	PIR	3	1
2019-03-21 16:17:56	3	PIR	3	1
2019-03-21 16:22:08	3	PIR	3	1
2019-03-21 16:22:12	3	PIR	3	1
2019-03-21 16:41:42	3	PIR	3	1
2019-03-21 16:44:30	3	PIR	3	1
2019-03-21 17:04:16	3	PIR	3	1
2019-03-21 17:24:20	3	PIR	3	1
2019-03-21 17:32:14	3	PIR	3	1
2019-03-21 17:38:29	3	PIR	3	1
2019-03-21 17:38:49	3	PIR	3	1
2019-03-21 17:38:53	3	PIR	3	1
2019-03-21 19:21:18	3	PIR	3	1
2019-03-21 19:21:36	3	PIR	3	1
2019-03-22 07:56:13	3	PIR	3	1
2019-03-22 07:56:18	3	PIR	3	1
2019-03-22 07:56:22	3	PIR	3	1
2019-03-22 07:56:54	3	PIR	3	1
2019-03-22 07:57:21	3	PIR	3	1
2019-03-22 07:57:25	3	PIR	3	1
2019-03-22 07:57:36	3	PIR	3	1
2019-03-22 07:57:48	3	PIR	3	1
2019-03-22 07:58:17	3	PIR	3	1
2019-03-22 07:58:32	3	PIR	3	1
2019-03-22 07:58:36	3	PIR	3	1
2019-03-22 07:58:43	3	PIR	3	1
2019-03-22 07:58:52	3	PIR	3	1
2019-03-22 07:58:59	3	PIR	3	1
2019-03-22 08:00:18	3	PIR	3	1
2019-03-22 08:00:22	3	PIR	3	1
2019-03-22 08:00:29	3	PIR	3	1
2019-03-22 08:00:57	3	PIR	3	1
2019-03-22 08:01:04	3	PIR	3	1
2019-03-22 08:01:09	3	PIR	3	1
2019-03-22 08:01:13	3	PIR	3	1
2019-03-22 08:01:17	3	PIR	3	1
2019-03-22 08:01:34	3	PIR	3	1
2019-03-22 08:01:41	3	PIR	3	1
2019-03-22 08:02:32	3	PIR	3	1
2019-03-22 08:05:23	3	PIR	3	1
2019-03-22 08:05:28	3	PIR	3	1
2019-03-22 08:05:34	3	PIR	3	1
2019-03-22 08:05:39	3	PIR	3	1
2019-03-22 08:11:20	3	PIR	3	1
2019-03-22 08:11:41	3	PIR	3	1
2019-03-22 08:13:24	3	PIR	3	1
2019-03-22 08:13:31	3	PIR	3	1
2019-03-22 08:13:35	3	PIR	3	1
2019-03-22 08:13:41	3	PIR	3	1
2019-03-22 08:13:50	3	PIR	3	1
2019-03-22 08:14:50	3	PIR	3	1
2019-03-22 08:14:55	3	PIR	3	1
2019-03-22 08:15:03	3	PIR	3	1
2019-03-22 08:15:07	3	PIR	3	1
2019-03-22 08:15:11	3	PIR	3	1
2019-03-22 08:15:17	3	PIR	3	1
2019-03-22 08:15:23	3	PIR	3	1
2019-03-22 08:15:29	3	PIR	3	1
2019-03-22 08:16:03	3	PIR	3	1
2019-03-22 08:16:09	3	PIR	3	1
2019-03-22 08:16:29	3	PIR	3	1
2019-03-22 08:16:35	3	PIR	3	1
2019-03-22 08:16:42	3	PIR	3	1
2019-03-22 08:16:48	3	PIR	3	1
2019-03-22 09:16:53	3	PIR	3	1
2019-03-22 09:16:59	3	PIR	3	1
2019-03-22 09:45:09	3	PIR	3	1
2019-03-22 09:45:13	3	PIR	3	1
2019-03-22 09:48:11	3	PIR	3	1
2019-03-22 09:48:57	3	PIR	3	1
2019-03-22 09:49:01	3	PIR	3	1
2019-03-22 09:49:23	3	PIR	3	1
2019-03-22 09:50:12	3	PIR	3	1
2019-03-22 09:50:59	3	PIR	3	1
2019-03-22 09:51:10	3	PIR	3	1
2019-03-22 09:51:22	3	PIR	3	1
2019-03-22 09:51:30	3	PIR	3	1
2019-03-22 09:51:37	3	PIR	3	1
2019-03-22 13:49:12	3	PIR	3	1
2019-03-22 13:49:16	3	PIR	3	1
2019-03-22 13:49:25	3	PIR	3	1
2019-03-22 13:50:26	3	PIR	3	1
2019-03-22 13:50:30	3	PIR	3	1
2019-03-22 13:50:45	3	PIR	3	1
2019-03-22 13:50:50	3	PIR	3	1
2019-03-22 13:51:25	3	PIR	3	1
2019-03-25 08:01:30	3	PIR	3	1
2019-03-25 08:01:54	3	PIR	3	1
2019-03-25 08:02:01	3	PIR	3	1
2019-03-25 08:02:11	3	PIR	3	1
2019-03-25 08:03:40	3	PIR	3	1
2019-03-25 08:03:56	3	PIR	3	1
2019-03-25 08:04:30	3	PIR	3	1
2019-03-25 08:05:01	3	PIR	3	1
2019-03-25 08:05:08	3	PIR	3	1
2019-03-25 08:05:16	3	PIR	3	1
2019-03-25 08:05:27	3	PIR	3	1
2019-03-25 08:06:09	3	PIR	3	1
2019-03-25 08:06:14	3	PIR	3	1
2019-03-25 08:06:21	3	PIR	3	1
2019-03-25 08:06:32	3	PIR	3	1
2019-03-25 08:06:36	3	PIR	3	1
2019-03-25 08:29:52	3	PIR	3	1
2019-03-25 08:29:57	3	PIR	3	1
2019-03-25 08:58:10	3	PIR	3	1
2019-03-25 08:58:14	3	PIR	3	1
2019-03-25 08:58:18	3	PIR	3	1
2019-03-25 08:58:24	3	PIR	3	1
2019-03-25 08:58:30	3	PIR	3	1
2019-03-25 09:01:41	3	PIR	3	1
2019-03-25 09:01:45	3	PIR	3	1
2019-03-25 09:15:48	3	PIR	3	1
2019-03-25 09:24:02	3	PIR	3	1
2019-03-25 09:42:16	3	PIR	3	1
2019-03-25 09:55:39	3	PIR	3	1
2019-03-25 09:55:43	3	PIR	3	1
2019-03-25 09:56:09	3	PIR	3	1
2019-03-25 09:56:34	3	PIR	3	1
2019-03-25 09:56:38	3	PIR	3	1
2019-03-25 09:56:58	3	PIR	3	1
2019-03-25 09:57:04	3	PIR	3	1
2019-03-25 09:57:08	3	PIR	3	1
2019-03-25 09:57:25	3	PIR	3	1
2019-03-25 09:57:29	3	PIR	3	1
2019-03-25 09:59:04	3	PIR	3	1
2019-03-25 09:59:19	3	PIR	3	1
2019-03-25 10:00:05	3	PIR	3	1
2019-03-25 10:00:12	3	PIR	3	1
2019-03-25 10:00:16	3	PIR	3	1
2019-03-25 10:00:48	3	PIR	3	1
2019-03-25 10:00:52	3	PIR	3	1
2019-03-25 10:00:59	3	PIR	3	1
2019-03-25 10:01:46	3	PIR	3	1
2019-03-25 10:01:53	3	PIR	3	1
2019-03-25 10:02:40	3	PIR	3	1
2019-03-25 10:02:46	3	PIR	3	1
2019-03-25 10:03:35	3	PIR	3	1
2019-03-25 10:03:39	3	PIR	3	1
2019-03-25 10:03:46	3	PIR	3	1
2019-03-25 10:04:48	3	PIR	3	1
2019-03-25 10:05:00	3	PIR	3	1
2019-03-25 10:05:52	3	PIR	3	1
2019-03-25 10:05:59	3	PIR	3	1
2019-03-25 10:06:06	3	PIR	3	1
2019-03-25 10:06:24	3	PIR	3	1
2019-03-25 10:06:32	3	PIR	3	1
2019-03-25 10:06:51	3	PIR	3	1
2019-03-25 10:06:56	3	PIR	3	1
2019-03-25 10:07:16	3	PIR	3	1
2019-03-25 10:07:37	3	PIR	3	1
2019-03-25 10:07:47	3	PIR	3	1
2019-03-25 10:07:51	3	PIR	3	1
2019-03-25 10:07:56	3	PIR	3	1
2019-03-25 10:08:00	3	PIR	3	1
2019-03-25 10:08:05	3	PIR	3	1
2019-03-25 10:08:09	3	PIR	3	1
2019-03-25 10:08:29	3	PIR	3	1
2019-03-25 10:08:36	3	PIR	3	1
2019-03-25 10:08:54	3	PIR	3	1
2019-03-25 10:09:02	3	PIR	3	1
2019-03-25 10:09:12	3	PIR	3	1
2019-03-25 10:09:16	3	PIR	3	1
2019-03-25 10:09:35	3	PIR	3	1
2019-03-25 10:09:42	3	PIR	3	1
2019-03-25 10:10:01	3	PIR	3	1
2019-03-25 10:10:08	3	PIR	3	1
2019-03-25 10:10:24	3	PIR	3	1
2019-03-25 10:10:30	3	PIR	3	1
2019-03-25 10:10:36	3	PIR	3	1
2019-03-25 10:10:51	3	PIR	3	1
2019-03-25 10:11:00	3	PIR	3	1
2019-03-25 10:11:04	3	PIR	3	1
2019-03-25 10:31:36	3	PIR	3	1
2019-03-25 10:31:43	3	PIR	3	1
2019-03-25 10:32:38	3	PIR	3	1
2019-03-25 10:32:44	3	PIR	3	1
2019-03-25 10:33:34	3	PIR	3	1
2019-03-25 10:33:38	3	PIR	3	1
2019-03-25 10:33:45	3	PIR	3	1
2019-03-25 10:35:36	3	PIR	3	1
2019-03-25 10:36:26	3	PIR	3	1
2019-03-25 10:36:44	3	PIR	3	1
2019-03-25 10:37:31	3	PIR	3	1
2019-03-25 10:37:37	3	PIR	3	1
2019-03-25 10:37:41	3	PIR	3	1
2019-03-25 10:38:29	3	PIR	3	1
2019-03-25 10:38:46	3	PIR	3	1
2019-03-25 10:38:50	3	PIR	3	1
2019-03-25 10:39:44	3	PIR	3	1
2019-03-25 10:39:48	3	PIR	3	1
2019-03-25 10:40:05	3	PIR	3	1
2019-03-25 10:40:09	3	PIR	3	1
2019-03-25 10:41:00	3	PIR	3	1
2019-03-25 10:41:04	3	PIR	3	1
2019-03-25 10:41:08	3	PIR	3	1
2019-03-25 10:41:55	3	PIR	3	1
2019-03-25 10:41:59	3	PIR	3	1
2019-03-25 10:42:04	3	PIR	3	1
2019-03-25 10:42:53	3	PIR	3	1
2019-03-25 10:43:00	3	PIR	3	1
2019-03-25 10:43:49	3	PIR	3	1
2019-03-25 10:43:53	3	PIR	3	1
2019-03-25 10:59:46	3	PIR	3	1
2019-03-25 11:11:40	3	PIR	3	1
2019-03-25 11:11:49	3	PIR	3	1
2019-03-25 12:38:42	3	PIR	3	1
2019-03-25 12:38:46	3	PIR	3	1
2019-03-25 12:38:50	3	PIR	3	1
2019-03-25 12:54:10	3	PIR	3	1
2019-03-25 13:07:32	3	PIR	3	1
2019-03-25 14:09:46	3	PIR	3	1
2019-03-25 14:09:56	3	PIR	3	1
2019-03-25 14:23:02	3	PIR	3	1
2019-03-25 14:23:06	3	PIR	3	1
2019-03-25 15:32:01	3	PIR	3	1
2019-03-25 16:08:25	3	PIR	3	1
2019-03-25 16:16:26	3	PIR	3	1
2019-03-25 16:16:35	3	PIR	3	1
2019-03-25 16:21:02	3	PIR	3	1
2019-03-25 16:29:16	3	PIR	3	1
2019-03-25 16:29:23	3	PIR	3	1
2019-03-25 16:29:31	3	PIR	3	1
2019-03-25 16:29:35	3	PIR	3	1
2019-03-25 16:29:52	3	PIR	3	1
2019-03-25 16:30:01	3	PIR	3	1
2019-03-25 16:30:08	3	PIR	3	1
2019-03-25 16:30:15	3	PIR	3	1
2019-03-25 16:30:25	3	PIR	3	1
2019-03-25 16:30:34	3	PIR	3	1
2019-03-25 16:30:40	3	PIR	3	1
2019-03-25 16:31:33	3	PIR	3	1
2019-03-25 16:31:41	3	PIR	3	1
2019-03-25 16:32:24	3	PIR	3	1
2019-03-25 16:33:01	3	PIR	3	1
2019-03-25 16:33:08	3	PIR	3	1
2019-03-25 16:33:12	3	PIR	3	1
2019-03-25 16:34:12	3	PIR	3	1
2019-03-25 16:34:16	3	PIR	3	1
2019-03-25 16:34:22	3	PIR	3	1
2019-03-25 16:34:26	3	PIR	3	1
2019-03-25 16:35:19	3	PIR	3	1
2019-03-25 16:35:23	3	PIR	3	1
2019-03-25 16:35:29	3	PIR	3	1
2019-03-25 16:36:24	3	PIR	3	1
2019-03-25 16:36:28	3	PIR	3	1
2019-03-25 16:36:32	3	PIR	3	1
2019-03-25 16:37:39	3	PIR	3	1
2019-03-25 16:37:42	3	PIR	3	1
2019-03-25 16:37:50	3	PIR	3	1
2019-03-25 16:37:59	3	PIR	3	1
2019-03-25 16:38:05	3	PIR	3	1
2019-03-25 16:38:14	3	PIR	3	1
2019-03-25 16:38:18	3	PIR	3	1
2019-03-25 16:38:33	3	PIR	3	1
2019-03-25 16:38:37	3	PIR	3	1
2019-03-25 16:38:57	3	PIR	3	1
2019-03-25 16:39:02	3	PIR	3	1
2019-03-25 16:39:14	3	PIR	3	1
2019-03-25 16:40:50	3	PIR	3	1
2019-03-25 16:40:54	3	PIR	3	1
2019-03-25 16:40:58	3	PIR	3	1
2019-03-25 16:41:18	3	PIR	3	1
2019-03-25 16:41:22	3	PIR	3	1
2019-03-25 16:41:27	3	PIR	3	1
2019-03-25 16:41:51	3	PIR	3	1
2019-03-25 16:42:02	3	PIR	3	1
2019-03-25 16:42:26	3	PIR	3	1
2019-03-25 16:42:35	3	PIR	3	1
2019-03-25 16:42:59	3	PIR	3	1
2019-03-25 16:43:04	3	PIR	3	1
2019-03-25 16:43:13	3	PIR	3	1
2019-03-25 16:43:17	3	PIR	3	1
2019-03-25 16:44:12	3	PIR	3	1
2019-03-25 16:44:16	3	PIR	3	1
2019-03-25 16:44:23	3	PIR	3	1
2019-03-25 16:44:29	3	PIR	3	1
2019-03-25 16:44:44	3	PIR	3	1
2019-03-25 16:44:48	3	PIR	3	1
2019-03-25 16:44:56	3	PIR	3	1
2019-03-25 16:45:03	3	PIR	3	1
2019-03-25 16:45:20	3	PIR	3	1
2019-03-25 16:45:24	3	PIR	3	1
2019-03-25 16:45:30	3	PIR	3	1
2019-03-25 16:45:34	3	PIR	3	1
2019-03-25 16:45:58	3	PIR	3	1
2019-03-25 16:46:05	3	PIR	3	1
2019-03-25 16:46:09	3	PIR	3	1
2019-03-25 16:46:13	3	PIR	3	1
2019-03-25 16:46:31	3	PIR	3	1
2019-03-25 16:46:35	3	PIR	3	1
2019-03-25 16:46:45	3	PIR	3	1
2019-03-25 16:46:49	3	PIR	3	1
2019-03-25 16:46:53	3	PIR	3	1
2019-03-25 16:47:14	3	PIR	3	1
2019-03-25 16:47:28	3	PIR	3	1
2019-03-25 16:47:32	3	PIR	3	1
2019-03-25 16:47:36	3	PIR	3	1
2019-03-25 16:47:55	3	PIR	3	1
2019-03-25 16:48:06	3	PIR	3	1
2019-03-25 16:48:10	3	PIR	3	1
2019-03-25 16:48:15	3	PIR	3	1
2019-03-25 16:48:34	3	PIR	3	1
2019-03-25 16:48:38	3	PIR	3	1
2019-03-25 16:48:48	3	PIR	3	1
2019-03-25 16:49:12	3	PIR	3	1
2019-03-25 16:49:24	3	PIR	3	1
2019-03-25 16:49:50	3	PIR	3	1
2019-03-25 16:50:00	3	PIR	3	1
2019-03-25 16:50:23	3	PIR	3	1
2019-03-25 16:50:27	3	PIR	3	1
2019-03-25 16:50:34	3	PIR	3	1
2019-03-25 16:50:41	3	PIR	3	1
2019-03-25 16:50:58	3	PIR	3	1
2019-03-25 16:51:09	3	PIR	3	1
2019-03-25 16:51:16	3	PIR	3	1
2019-03-25 16:51:31	3	PIR	3	1
2019-03-25 16:51:35	3	PIR	3	1
2019-03-25 16:51:42	3	PIR	3	1
2019-03-25 16:51:48	3	PIR	3	1
2019-03-25 16:52:05	3	PIR	3	1
2019-03-25 16:52:15	3	PIR	3	1
2019-03-25 16:52:24	3	PIR	3	1
2019-03-25 16:52:55	3	PIR	3	1
2019-03-25 16:53:04	3	PIR	3	1
2019-03-25 16:53:08	3	PIR	3	1
2019-03-25 16:53:12	3	PIR	3	1
2019-03-25 16:53:17	3	PIR	3	1
2019-03-25 16:53:25	3	PIR	3	1
2019-03-25 16:53:29	3	PIR	3	1
2019-03-25 16:53:50	3	PIR	3	1
2019-03-25 16:53:58	3	PIR	3	1
2019-03-25 16:54:02	3	PIR	3	1
2019-03-25 16:54:17	3	PIR	3	1
2019-03-25 16:54:21	3	PIR	3	1
2019-03-25 16:54:29	3	PIR	3	1
2019-03-25 16:54:33	3	PIR	3	1
2019-03-25 16:54:50	3	PIR	3	1
2019-03-25 16:54:54	3	PIR	3	1
2019-03-25 16:54:59	3	PIR	3	1
2019-03-25 16:55:03	3	PIR	3	1
2019-03-25 16:55:07	3	PIR	3	1
2019-03-25 16:55:19	3	PIR	3	1
2019-03-25 16:55:23	3	PIR	3	1
2019-03-25 16:55:27	3	PIR	3	1
2019-03-25 16:55:31	3	PIR	3	1
2019-03-25 16:55:48	3	PIR	3	1
2019-03-25 16:55:52	3	PIR	3	1
2019-03-25 16:56:20	3	PIR	3	1
2019-03-25 16:56:26	3	PIR	3	1
2019-03-25 16:56:30	3	PIR	3	1
2019-03-25 16:56:50	3	PIR	3	1
2019-03-25 16:57:01	3	PIR	3	1
2019-03-25 16:57:05	3	PIR	3	1
2019-03-25 17:39:36	3	PIR	3	1
2019-03-25 17:39:40	3	PIR	3	1
2019-03-25 17:42:19	3	PIR	3	1
2019-03-25 17:42:25	3	PIR	3	1
2019-03-25 17:47:14	3	PIR	3	1
2019-03-25 17:47:18	3	PIR	3	1
2019-03-25 18:11:45	3	PIR	3	1
2019-03-25 18:12:47	3	PIR	3	1
2019-03-25 18:13:11	3	PIR	3	1
2019-03-25 18:13:22	3	PIR	3	1
2019-03-25 18:13:26	3	PIR	3	1
2019-03-25 18:13:30	3	PIR	3	1
