,date,tempC,windspeedKmph,cloudcover,uvIndex,weather
0,2019-02-25 00:00:00,6,7,5,1,Partly cloudy
1,2019-02-25 01:00:00,6,6,5,1,Partly cloudy
2,2019-02-25 02:00:00,6,5,4,1,Partly cloudy
3,2019-02-25 03:00:00,7,4,4,1,Partly cloudy
4,2019-02-25 04:00:00,7,4,3,1,Partly cloudy
5,2019-02-25 05:00:00,7,4,3,1,Partly cloudy
6,2019-02-25 06:00:00,7,4,2,3,Partly cloudy
7,2019-02-25 07:00:00,8,4,2,3,Partly cloudy
8,2019-02-25 08:00:00,9,4,1,3,Partly cloudy
9,2019-02-25 09:00:00,9,5,1,3,Partly cloudy
10,2019-02-25 10:00:00,11,5,0,4,Partly cloudy
11,2019-02-25 11:00:00,12,5,0,4,Sunny
12,2019-02-25 12:00:00,14,5,0,4,Sunny
13,2019-02-25 13:00:00,14,4,1,4,Sunny
14,2019-02-25 14:00:00,15,3,1,5,Sunny
15,2019-02-25 15:00:00,16,3,2,5,Sunny
16,2019-02-25 16:00:00,15,2,3,5,Sunny
17,2019-02-25 17:00:00,14,2,4,4,Partly cloudy
18,2019-02-25 18:00:00,14,2,5,4,Partly cloudy
19,2019-02-25 19:00:00,13,2,5,4,Partly cloudy
20,2019-02-25 20:00:00,12,3,5,4,Partly cloudy
21,2019-02-25 21:00:00,12,3,5,1,Partly cloudy
22,2019-02-25 22:00:00,11,3,5,1,Partly cloudy
23,2019-02-25 23:00:00,11,4,5,1,Partly cloudy
24,2019-02-26 00:00:00,10,4,5,1,Partly cloudy
25,2019-02-26 01:00:00,10,4,5,1,Partly cloudy
26,2019-02-26 02:00:00,10,5,5,1,Partly cloudy
27,2019-02-26 03:00:00,9,5,5,1,Partly cloudy
28,2019-02-26 04:00:00,9,5,5,1,Partly cloudy
29,2019-02-26 05:00:00,9,5,6,1,Partly cloudy
30,2019-02-26 06:00:00,9,5,6,3,Partly cloudy
31,2019-02-26 07:00:00,9,5,6,3,Partly cloudy
32,2019-02-26 08:00:00,10,5,6,3,Partly cloudy
33,2019-02-26 09:00:00,11,5,6,4,Partly cloudy
34,2019-02-26 10:00:00,12,5,5,4,Partly cloudy
35,2019-02-26 11:00:00,14,5,5,4,Partly cloudy
36,2019-02-26 12:00:00,15,5,4,5,Partly cloudy
37,2019-02-26 13:00:00,16,4,4,5,Partly cloudy
38,2019-02-26 14:00:00,17,4,4,5,Partly cloudy
39,2019-02-26 15:00:00,18,3,4,5,Partly cloudy
40,2019-02-26 16:00:00,18,3,13,5,Partly cloudy
41,2019-02-26 17:00:00,17,3,23,5,Partly cloudy
42,2019-02-26 18:00:00,17,3,33,5,Partly cloudy
43,2019-02-26 19:00:00,16,3,28,5,Partly cloudy
44,2019-02-26 20:00:00,15,3,24,4,Partly cloudy
45,2019-02-26 21:00:00,14,4,19,1,Partly cloudy
46,2019-02-26 22:00:00,13,4,18,1,Partly cloudy
47,2019-02-26 23:00:00,13,4,16,1,Partly cloudy
48,2019-02-27 00:00:00,12,4,14,1,Partly cloudy
49,2019-02-27 01:00:00,12,4,13,1,Partly cloudy
50,2019-02-27 02:00:00,11,5,13,1,Partly cloudy
51,2019-02-27 03:00:00,11,5,12,1,Partly cloudy
52,2019-02-27 04:00:00,11,5,10,1,Partly cloudy
53,2019-02-27 05:00:00,11,5,8,1,Partly cloudy
54,2019-02-27 06:00:00,10,4,6,4,Partly cloudy
55,2019-02-27 07:00:00,11,4,5,4,Partly cloudy
56,2019-02-27 08:00:00,12,3,4,4,Partly cloudy
57,2019-02-27 09:00:00,13,2,3,4,Partly cloudy
58,2019-02-27 10:00:00,15,2,2,4,Partly cloudy
59,2019-02-27 11:00:00,16,3,2,5,Partly cloudy
60,2019-02-27 12:00:00,18,3,1,5,Partly cloudy
61,2019-02-27 13:00:00,19,3,1,5,Partly cloudy
62,2019-02-27 14:00:00,20,4,1,5,Partly cloudy
63,2019-02-27 15:00:00,21,5,1,6,Partly cloudy
64,2019-02-27 16:00:00,20,5,1,6,Partly cloudy
65,2019-02-27 17:00:00,19,5,1,5,Partly cloudy
66,2019-02-27 18:00:00,19,6,0,5,Partly cloudy
67,2019-02-27 19:00:00,18,6,0,5,Partly cloudy
68,2019-02-27 20:00:00,17,6,0,5,Sunny
69,2019-02-27 21:00:00,16,6,0,1,Clear
70,2019-02-27 22:00:00,15,5,0,1,Clear
71,2019-02-27 23:00:00,15,5,0,1,Clear
72,2019-02-28 00:00:00,15,4,0,1,Clear
73,2019-02-28 01:00:00,14,4,0,1,Clear
74,2019-02-28 02:00:00,14,4,0,1,Clear
75,2019-02-28 03:00:00,14,3,0,1,Clear
76,2019-02-28 04:00:00,14,3,0,1,Clear
77,2019-02-28 05:00:00,13,3,0,1,Clear
78,2019-02-28 06:00:00,13,4,0,4,Sunny
79,2019-02-28 07:00:00,13,4,0,4,Sunny
80,2019-02-28 08:00:00,14,4,0,4,Sunny
81,2019-02-28 09:00:00,14,5,0,4,Sunny
82,2019-02-28 10:00:00,15,6,0,5,Sunny
83,2019-02-28 11:00:00,16,6,0,5,Sunny
84,2019-02-28 12:00:00,17,7,0,5,Sunny
85,2019-02-28 13:00:00,18,8,2,5,Sunny
86,2019-02-28 14:00:00,18,8,4,5,Sunny
87,2019-02-28 15:00:00,18,9,6,5,Sunny
88,2019-02-28 16:00:00,18,9,5,5,Sunny
89,2019-02-28 17:00:00,17,9,5,5,Partly cloudy
90,2019-02-28 18:00:00,17,9,4,5,Partly cloudy
91,2019-02-28 19:00:00,15,9,20,5,Partly cloudy
92,2019-02-28 20:00:00,14,9,35,4,Partly cloudy
93,2019-02-28 21:00:00,13,9,50,1,Partly cloudy
94,2019-02-28 22:00:00,13,8,42,1,Partly cloudy
95,2019-02-28 23:00:00,13,8,33,1,Cloudy
96,2019-03-01 00:00:00,13,7,25,1,Cloudy
97,2019-03-01 01:00:00,13,7,16,1,Cloudy
98,2019-03-01 02:00:00,13,7,8,1,Clear
99,2019-03-01 03:00:00,12,7,0,1,Clear
100,2019-03-01 04:00:00,12,7,1,1,Clear
101,2019-03-01 05:00:00,11,6,2,1,Clear
102,2019-03-01 06:00:00,10,5,3,4,Sunny
103,2019-03-01 07:00:00,11,5,7,4,Sunny
104,2019-03-01 08:00:00,11,5,11,4,Partly cloudy
105,2019-03-01 09:00:00,11,5,16,4,Partly cloudy
106,2019-03-01 10:00:00,12,5,15,4,Partly cloudy
107,2019-03-01 11:00:00,14,5,15,4,Partly cloudy
108,2019-03-01 12:00:00,15,5,15,4,Partly cloudy
109,2019-03-01 13:00:00,16,5,18,5,Partly cloudy
110,2019-03-01 14:00:00,16,5,22,5,Partly cloudy
111,2019-03-01 15:00:00,17,6,26,5,Partly cloudy
112,2019-03-01 16:00:00,17,6,26,5,Partly cloudy
113,2019-03-01 17:00:00,16,6,26,5,Partly cloudy
114,2019-03-01 18:00:00,16,5,26,5,Partly cloudy
115,2019-03-01 19:00:00,15,6,20,4,Partly cloudy
116,2019-03-01 20:00:00,13,6,14,4,Partly cloudy
117,2019-03-01 21:00:00,12,6,8,1,Partly cloudy
118,2019-03-01 22:00:00,12,6,5,1,Partly cloudy
119,2019-03-01 23:00:00,13,5,3,1,Clear
120,2019-03-02 00:00:00,13,5,0,1,Clear
121,2019-03-02 01:00:00,13,6,0,1,Clear
122,2019-03-02 02:00:00,12,6,0,1,Clear
123,2019-03-02 03:00:00,12,6,0,1,Clear
124,2019-03-02 04:00:00,12,6,0,1,Clear
125,2019-03-02 05:00:00,11,6,0,1,Clear
126,2019-03-02 06:00:00,11,5,1,4,Sunny
127,2019-03-02 07:00:00,11,5,17,4,Sunny
128,2019-03-02 08:00:00,11,4,34,4,Partly cloudy
129,2019-03-02 09:00:00,12,3,51,4,Partly cloudy
130,2019-03-02 10:00:00,12,3,45,4,Partly cloudy
131,2019-03-02 11:00:00,13,3,39,3,Cloudy
132,2019-03-02 12:00:00,14,3,34,3,Cloudy
133,2019-03-02 13:00:00,15,2,41,3,Cloudy
134,2019-03-02 14:00:00,15,2,49,5,Partly cloudy
135,2019-03-02 15:00:00,16,1,56,5,Partly cloudy
136,2019-03-02 16:00:00,15,1,65,5,Partly cloudy
137,2019-03-02 17:00:00,15,1,73,3,Cloudy
138,2019-03-02 18:00:00,14,1,81,3,Cloudy
139,2019-03-02 19:00:00,14,1,66,3,Cloudy
140,2019-03-02 20:00:00,13,2,51,3,Cloudy
141,2019-03-02 21:00:00,13,2,36,1,Cloudy
142,2019-03-02 22:00:00,12,2,26,1,Cloudy
143,2019-03-02 23:00:00,12,2,17,1,Partly cloudy
144,2019-03-03 00:00:00,12,2,8,1,Partly cloudy
145,2019-03-03 01:00:00,12,2,6,1,Partly cloudy
146,2019-03-03 02:00:00,12,2,4,1,Partly cloudy
147,2019-03-03 03:00:00,12,2,2,1,Partly cloudy
148,2019-03-03 04:00:00,11,2,2,1,Partly cloudy
149,2019-03-03 05:00:00,11,2,3,1,Clear
150,2019-03-03 06:00:00,10,3,3,4,Sunny
151,2019-03-03 07:00:00,11,3,3,4,Sunny
152,2019-03-03 08:00:00,11,3,4,4,Partly cloudy
153,2019-03-03 09:00:00,12,4,4,4,Partly cloudy
154,2019-03-03 10:00:00,13,3,4,4,Partly cloudy
155,2019-03-03 11:00:00,14,3,4,4,Partly cloudy
156,2019-03-03 12:00:00,16,3,4,5,Partly cloudy
157,2019-03-03 13:00:00,16,3,6,5,Partly cloudy
158,2019-03-03 14:00:00,17,2,8,5,Partly cloudy
159,2019-03-03 15:00:00,17,1,9,5,Partly cloudy
160,2019-03-03 16:00:00,17,2,19,5,Partly cloudy
161,2019-03-03 17:00:00,16,2,28,5,Partly cloudy
162,2019-03-03 18:00:00,15,2,37,5,Partly cloudy
163,2019-03-03 19:00:00,15,2,33,4,Partly cloudy
164,2019-03-03 20:00:00,14,2,29,4,Partly cloudy
165,2019-03-03 21:00:00,14,2,25,1,Partly cloudy
166,2019-03-03 22:00:00,13,3,23,1,Partly cloudy
167,2019-03-03 23:00:00,13,3,21,1,Partly cloudy
168,2019-03-04 00:00:00,12,3,20,1,Partly cloudy
169,2019-03-04 01:00:00,12,4,19,1,Partly cloudy
170,2019-03-04 02:00:00,11,5,19,1,Partly cloudy
171,2019-03-04 03:00:00,11,5,19,1,Partly cloudy
172,2019-03-04 04:00:00,10,5,16,1,Partly cloudy
173,2019-03-04 05:00:00,10,5,13,1,Partly cloudy
174,2019-03-04 06:00:00,10,5,11,3,Partly cloudy
175,2019-03-04 07:00:00,10,6,30,4,Partly cloudy
176,2019-03-04 08:00:00,11,6,50,4,Partly cloudy
177,2019-03-04 09:00:00,11,6,69,4,Partly cloudy
178,2019-03-04 10:00:00,11,7,79,4,Partly cloudy
179,2019-03-04 11:00:00,11,7,90,3,Overcast
180,2019-03-04 12:00:00,11,8,100,3,Overcast
181,2019-03-04 13:00:00,11,8,100,3,Overcast
182,2019-03-04 14:00:00,11,8,100,3,Light drizzle
183,2019-03-04 15:00:00,12,9,100,3,Light drizzle
184,2019-03-04 16:00:00,11,8,98,3,Light drizzle
185,2019-03-04 17:00:00,11,8,95,3,Light drizzle
186,2019-03-04 18:00:00,11,8,93,3,Light drizzle
187,2019-03-04 19:00:00,10,8,91,3,Light drizzle
188,2019-03-04 20:00:00,10,8,89,2,Patchy rain possible
189,2019-03-04 21:00:00,9,9,87,1,Patchy rain possible
190,2019-03-04 22:00:00,9,9,85,1,Patchy rain possible
191,2019-03-04 23:00:00,9,10,84,1,Patchy rain possible
192,2019-03-05 00:00:00,9,10,82,1,Patchy rain possible
193,2019-03-05 01:00:00,9,9,66,1,Patchy rain possible
194,2019-03-05 02:00:00,8,9,50,1,Patchy rain possible
195,2019-03-05 03:00:00,8,8,34,1,Patchy rain possible
196,2019-03-05 04:00:00,8,8,27,1,Patchy rain possible
197,2019-03-05 05:00:00,8,7,20,1,Partly cloudy
198,2019-03-05 06:00:00,7,6,13,3,Partly cloudy
199,2019-03-05 07:00:00,8,6,12,3,Partly cloudy
200,2019-03-05 08:00:00,9,6,11,3,Partly cloudy
201,2019-03-05 09:00:00,10,6,9,3,Partly cloudy
202,2019-03-05 10:00:00,12,6,7,4,Partly cloudy
203,2019-03-05 11:00:00,13,6,5,4,Partly cloudy
204,2019-03-05 12:00:00,15,6,2,5,Partly cloudy
205,2019-03-05 13:00:00,16,6,2,5,Partly cloudy
206,2019-03-05 14:00:00,17,6,1,5,Sunny
207,2019-03-05 15:00:00,18,6,0,5,Sunny
208,2019-03-05 16:00:00,18,6,1,5,Sunny
209,2019-03-05 17:00:00,18,5,3,5,Sunny
210,2019-03-05 18:00:00,18,5,4,5,Sunny
211,2019-03-05 19:00:00,17,4,6,5,Sunny
212,2019-03-05 20:00:00,15,3,8,5,Partly cloudy
213,2019-03-05 21:00:00,14,3,11,1,Partly cloudy
214,2019-03-05 22:00:00,13,3,11,1,Partly cloudy
215,2019-03-05 23:00:00,12,3,11,1,Partly cloudy
216,2019-03-06 00:00:00,11,3,11,1,Partly cloudy
217,2019-03-06 01:00:00,11,3,10,1,Partly cloudy
218,2019-03-06 02:00:00,10,3,9,1,Partly cloudy
219,2019-03-06 03:00:00,10,2,7,1,Partly cloudy
220,2019-03-06 04:00:00,10,2,7,1,Partly cloudy
221,2019-03-06 05:00:00,9,2,7,1,Partly cloudy
222,2019-03-06 06:00:00,9,3,7,3,Partly cloudy
223,2019-03-06 07:00:00,10,4,11,3,Partly cloudy
224,2019-03-06 08:00:00,10,5,15,3,Partly cloudy
225,2019-03-06 09:00:00,10,7,19,4,Partly cloudy
226,2019-03-06 10:00:00,11,8,35,4,Partly cloudy
227,2019-03-06 11:00:00,12,8,51,4,Partly cloudy
228,2019-03-06 12:00:00,13,9,67,4,Partly cloudy
229,2019-03-06 13:00:00,14,9,65,4,Partly cloudy
230,2019-03-06 14:00:00,14,9,62,3,Overcast
231,2019-03-06 15:00:00,15,9,60,3,Overcast
232,2019-03-06 16:00:00,14,9,65,3,Overcast
233,2019-03-06 17:00:00,14,8,69,4,Partly cloudy
234,2019-03-06 18:00:00,13,8,74,4,Partly cloudy
235,2019-03-06 19:00:00,13,8,81,4,Partly cloudy
236,2019-03-06 20:00:00,12,7,89,3,Patchy rain possible
237,2019-03-06 21:00:00,12,7,96,1,Patchy rain possible
238,2019-03-06 22:00:00,12,8,93,1,Patchy rain possible
239,2019-03-06 23:00:00,11,9,90,1,Overcast
240,2019-03-07 00:00:00,11,10,88,1,Overcast
241,2019-03-07 01:00:00,11,11,84,1,Overcast
242,2019-03-07 02:00:00,10,11,81,1,Patchy light drizzle
243,2019-03-07 03:00:00,10,12,77,1,Patchy light drizzle
244,2019-03-07 04:00:00,10,14,82,1,Patchy light drizzle
245,2019-03-07 05:00:00,10,17,87,1,Cloudy
246,2019-03-07 06:00:00,9,19,92,2,Cloudy
247,2019-03-07 07:00:00,10,21,94,2,Cloudy
248,2019-03-07 08:00:00,10,23,97,3,Overcast
249,2019-03-07 09:00:00,11,24,100,3,Overcast
250,2019-03-07 10:00:00,12,23,97,3,Overcast
251,2019-03-07 11:00:00,13,22,93,3,Light rain shower
252,2019-03-07 12:00:00,14,21,90,3,Light rain shower
253,2019-03-07 13:00:00,14,16,89,3,Light rain shower
254,2019-03-07 14:00:00,15,12,88,4,Light rain shower
255,2019-03-07 15:00:00,16,8,88,4,Light rain shower
256,2019-03-07 16:00:00,15,7,86,4,Light rain shower
257,2019-03-07 17:00:00,15,6,84,3,Patchy rain possible
258,2019-03-07 18:00:00,14,5,82,3,Patchy rain possible
259,2019-03-07 19:00:00,14,5,69,3,Patchy rain possible
260,2019-03-07 20:00:00,13,6,57,3,Moderate or heavy rain shower
261,2019-03-07 21:00:00,12,7,44,1,Moderate or heavy rain shower
262,2019-03-07 22:00:00,11,7,38,1,Moderate or heavy rain shower
263,2019-03-07 23:00:00,11,7,32,1,Partly cloudy
264,2019-03-08 00:00:00,10,7,27,1,Partly cloudy
265,2019-03-08 01:00:00,10,6,34,1,Partly cloudy
266,2019-03-08 02:00:00,10,4,42,1,Partly cloudy
267,2019-03-08 03:00:00,9,3,49,1,Partly cloudy
268,2019-03-08 04:00:00,9,3,60,1,Partly cloudy
269,2019-03-08 05:00:00,9,2,70,1,Light rain shower
270,2019-03-08 06:00:00,9,1,81,2,Light rain shower
271,2019-03-08 07:00:00,10,1,81,2,Light rain shower
272,2019-03-08 08:00:00,10,2,82,3,Light rain shower
273,2019-03-08 09:00:00,11,2,82,3,Light rain shower
274,2019-03-08 10:00:00,12,3,80,3,Light rain shower
275,2019-03-08 11:00:00,13,4,77,3,Cloudy
276,2019-03-08 12:00:00,14,5,75,3,Cloudy
277,2019-03-08 13:00:00,15,6,64,3,Cloudy
278,2019-03-08 14:00:00,15,6,53,4,Patchy rain possible
279,2019-03-08 15:00:00,16,7,43,4,Patchy rain possible
280,2019-03-08 16:00:00,16,7,32,4,Patchy rain possible
281,2019-03-08 17:00:00,16,6,22,5,Partly cloudy
282,2019-03-08 18:00:00,16,5,11,5,Partly cloudy
283,2019-03-08 19:00:00,15,5,10,4,Partly cloudy
284,2019-03-08 20:00:00,14,5,10,4,Partly cloudy
285,2019-03-08 21:00:00,13,5,9,1,Partly cloudy
286,2019-03-08 22:00:00,12,5,10,1,Partly cloudy
287,2019-03-08 23:00:00,12,5,11,1,Partly cloudy
288,2019-03-09 00:00:00,11,5,12,1,Partly cloudy
289,2019-03-09 01:00:00,11,5,14,1,Partly cloudy
290,2019-03-09 02:00:00,11,5,16,1,Partly cloudy
291,2019-03-09 03:00:00,10,5,18,1,Partly cloudy
292,2019-03-09 04:00:00,10,5,17,1,Partly cloudy
293,2019-03-09 05:00:00,10,4,17,1,Partly cloudy
294,2019-03-09 06:00:00,9,4,16,3,Partly cloudy
295,2019-03-09 07:00:00,10,4,14,4,Partly cloudy
296,2019-03-09 08:00:00,11,4,11,4,Partly cloudy
297,2019-03-09 09:00:00,12,4,8,4,Partly cloudy
298,2019-03-09 10:00:00,13,5,8,4,Partly cloudy
299,2019-03-09 11:00:00,15,6,7,4,Partly cloudy
300,2019-03-09 12:00:00,16,8,6,5,Partly cloudy
301,2019-03-09 13:00:00,16,8,6,5,Partly cloudy
302,2019-03-09 14:00:00,17,8,5,5,Partly cloudy
303,2019-03-09 15:00:00,18,8,5,5,Partly cloudy
304,2019-03-09 16:00:00,17,8,5,5,Partly cloudy
305,2019-03-09 17:00:00,17,7,5,5,Partly cloudy
306,2019-03-09 18:00:00,17,7,6,5,Partly cloudy
307,2019-03-09 19:00:00,16,7,6,5,Partly cloudy
308,2019-03-09 20:00:00,15,7,7,4,Partly cloudy
309,2019-03-09 21:00:00,14,8,8,1,Partly cloudy
310,2019-03-09 22:00:00,13,7,8,1,Partly cloudy
311,2019-03-09 23:00:00,13,7,8,1,Partly cloudy
312,2019-03-10 00:00:00,12,7,8,1,Partly cloudy
313,2019-03-10 01:00:00,12,7,8,1,Partly cloudy
314,2019-03-10 02:00:00,11,7,7,1,Partly cloudy
315,2019-03-10 03:00:00,11,8,7,1,Partly cloudy
316,2019-03-10 04:00:00,10,7,8,1,Partly cloudy
317,2019-03-10 05:00:00,10,7,10,1,Partly cloudy
318,2019-03-10 06:00:00,10,7,11,3,Partly cloudy
319,2019-03-10 07:00:00,11,7,13,4,Partly cloudy
320,2019-03-10 08:00:00,12,7,14,4,Partly cloudy
321,2019-03-10 09:00:00,12,7,15,4,Partly cloudy
322,2019-03-10 10:00:00,14,7,17,4,Partly cloudy
323,2019-03-10 11:00:00,15,7,19,4,Partly cloudy
324,2019-03-10 12:00:00,16,8,22,5,Partly cloudy
325,2019-03-10 13:00:00,17,8,19,5,Partly cloudy
326,2019-03-10 14:00:00,18,8,16,5,Partly cloudy
327,2019-03-10 15:00:00,18,8,13,5,Partly cloudy
328,2019-03-10 16:00:00,18,8,11,5,Partly cloudy
329,2019-03-10 17:00:00,17,8,9,5,Partly cloudy
330,2019-03-10 18:00:00,17,8,7,5,Partly cloudy
331,2019-03-10 19:00:00,16,8,7,5,Partly cloudy
332,2019-03-10 20:00:00,15,8,7,5,Partly cloudy
333,2019-03-10 21:00:00,15,9,7,1,Partly cloudy
334,2019-03-10 22:00:00,14,9,6,1,Partly cloudy
335,2019-03-10 23:00:00,14,10,6,1,Partly cloudy
336,2019-03-11 00:00:00,13,10,5,1,Partly cloudy
337,2019-03-11 01:00:00,13,11,5,1,Partly cloudy
338,2019-03-11 02:00:00,12,11,6,1,Partly cloudy
339,2019-03-11 03:00:00,12,11,6,1,Partly cloudy
340,2019-03-11 04:00:00,12,11,5,1,Partly cloudy
341,2019-03-11 05:00:00,11,11,4,1,Partly cloudy
342,2019-03-11 06:00:00,11,11,2,4,Partly cloudy
343,2019-03-11 07:00:00,12,12,2,4,Partly cloudy
344,2019-03-11 08:00:00,13,12,1,4,Sunny
345,2019-03-11 09:00:00,13,13,0,4,Sunny
346,2019-03-11 10:00:00,14,16,13,4,Sunny
347,2019-03-11 11:00:00,15,20,27,4,Sunny
348,2019-03-11 12:00:00,15,23,40,5,Sunny
349,2019-03-11 13:00:00,15,25,43,4,Sunny
350,2019-03-11 14:00:00,14,27,47,4,Partly cloudy
351,2019-03-11 15:00:00,14,29,50,4,Partly cloudy
352,2019-03-11 16:00:00,13,27,39,4,Partly cloudy
353,2019-03-11 17:00:00,12,25,28,4,Partly cloudy
354,2019-03-11 18:00:00,11,23,18,4,Partly cloudy
355,2019-03-11 19:00:00,10,21,13,4,Partly cloudy
356,2019-03-11 20:00:00,10,18,8,3,Partly cloudy
357,2019-03-11 21:00:00,9,16,4,1,Partly cloudy
358,2019-03-11 22:00:00,9,15,3,1,Partly cloudy
359,2019-03-11 23:00:00,9,14,3,1,Partly cloudy
360,2019-03-12 00:00:00,8,13,3,1,Partly cloudy
361,2019-03-12 01:00:00,8,14,2,1,Partly cloudy
362,2019-03-12 02:00:00,8,15,2,1,Partly cloudy
363,2019-03-12 03:00:00,8,17,1,1,Partly cloudy
364,2019-03-12 04:00:00,7,15,2,1,Partly cloudy
365,2019-03-12 05:00:00,7,13,2,1,Partly cloudy
366,2019-03-12 06:00:00,7,12,3,3,Partly cloudy
367,2019-03-12 07:00:00,8,10,3,3,Partly cloudy
368,2019-03-12 08:00:00,8,9,3,3,Partly cloudy
369,2019-03-12 09:00:00,9,7,4,3,Partly cloudy
370,2019-03-12 10:00:00,10,6,5,4,Partly cloudy
371,2019-03-12 11:00:00,11,6,7,4,Partly cloudy
372,2019-03-12 12:00:00,13,5,9,4,Partly cloudy
373,2019-03-12 13:00:00,13,5,8,4,Partly cloudy
374,2019-03-12 14:00:00,14,4,7,4,Partly cloudy
375,2019-03-12 15:00:00,15,4,7,4,Partly cloudy
376,2019-03-12 16:00:00,14,4,6,4,Partly cloudy
377,2019-03-12 17:00:00,14,4,6,4,Partly cloudy
378,2019-03-12 18:00:00,14,3,6,4,Partly cloudy
379,2019-03-12 19:00:00,13,3,6,4,Partly cloudy
380,2019-03-12 20:00:00,12,3,6,4,Partly cloudy
381,2019-03-12 21:00:00,12,2,6,1,Partly cloudy
382,2019-03-12 22:00:00,11,2,7,1,Partly cloudy
383,2019-03-12 23:00:00,10,3,7,1,Partly cloudy
384,2019-03-13 00:00:00,10,3,7,1,Partly cloudy
385,2019-03-13 01:00:00,9,4,7,1,Partly cloudy
386,2019-03-13 02:00:00,9,4,7,1,Partly cloudy
387,2019-03-13 03:00:00,9,5,7,1,Partly cloudy
388,2019-03-13 04:00:00,8,4,8,1,Partly cloudy
389,2019-03-13 05:00:00,8,4,9,1,Partly cloudy
390,2019-03-13 06:00:00,8,3,11,3,Partly cloudy
391,2019-03-13 07:00:00,9,2,10,3,Partly cloudy
392,2019-03-13 08:00:00,9,2,10,3,Partly cloudy
393,2019-03-13 09:00:00,10,1,10,4,Partly cloudy
394,2019-03-13 10:00:00,12,1,9,4,Partly cloudy
395,2019-03-13 11:00:00,13,2,9,4,Partly cloudy
396,2019-03-13 12:00:00,14,2,8,4,Partly cloudy
397,2019-03-13 13:00:00,14,3,9,4,Partly cloudy
398,2019-03-13 14:00:00,15,4,10,4,Partly cloudy
399,2019-03-13 15:00:00,15,6,11,4,Partly cloudy
400,2019-03-13 16:00:00,14,7,9,4,Partly cloudy
401,2019-03-13 17:00:00,13,9,6,4,Partly cloudy
402,2019-03-13 18:00:00,12,11,4,4,Partly cloudy
403,2019-03-13 19:00:00,12,10,3,4,Partly cloudy
404,2019-03-13 20:00:00,11,9,2,4,Sunny
405,2019-03-13 21:00:00,11,8,1,1,Clear
406,2019-03-13 22:00:00,10,6,1,1,Clear
407,2019-03-13 23:00:00,10,5,2,1,Partly cloudy
408,2019-03-14 00:00:00,10,3,2,1,Partly cloudy
409,2019-03-14 01:00:00,9,3,2,1,Partly cloudy
410,2019-03-14 02:00:00,9,3,3,1,Partly cloudy
411,2019-03-14 03:00:00,9,2,4,1,Partly cloudy
412,2019-03-14 04:00:00,8,3,5,1,Partly cloudy
413,2019-03-14 05:00:00,8,4,6,1,Partly cloudy
414,2019-03-14 06:00:00,7,4,7,3,Partly cloudy
415,2019-03-14 07:00:00,8,6,9,3,Partly cloudy
416,2019-03-14 08:00:00,8,7,11,3,Partly cloudy
417,2019-03-14 09:00:00,9,9,13,3,Partly cloudy
418,2019-03-14 10:00:00,11,9,19,4,Partly cloudy
419,2019-03-14 11:00:00,12,10,25,4,Partly cloudy
420,2019-03-14 12:00:00,13,11,31,4,Partly cloudy
421,2019-03-14 13:00:00,14,11,33,4,Partly cloudy
422,2019-03-14 14:00:00,15,12,35,4,Partly cloudy
423,2019-03-14 15:00:00,15,12,37,5,Partly cloudy
424,2019-03-14 16:00:00,15,12,46,4,Partly cloudy
425,2019-03-14 17:00:00,14,11,56,4,Partly cloudy
426,2019-03-14 18:00:00,14,10,65,4,Partly cloudy
427,2019-03-14 19:00:00,13,10,63,4,Partly cloudy
428,2019-03-14 20:00:00,12,10,62,3,Cloudy
429,2019-03-14 21:00:00,12,10,60,1,Cloudy
430,2019-03-14 22:00:00,11,10,53,1,Cloudy
431,2019-03-14 23:00:00,11,9,45,1,Partly cloudy
432,2019-03-15 00:00:00,10,9,38,1,Partly cloudy
433,2019-03-15 01:00:00,10,8,32,1,Partly cloudy
434,2019-03-15 02:00:00,10,8,26,1,Partly cloudy
435,2019-03-15 03:00:00,9,8,20,1,Partly cloudy
436,2019-03-15 04:00:00,9,8,17,1,Partly cloudy
437,2019-03-15 05:00:00,9,9,13,1,Partly cloudy
438,2019-03-15 06:00:00,9,9,10,3,Partly cloudy
439,2019-03-15 07:00:00,9,10,8,3,Partly cloudy
440,2019-03-15 08:00:00,10,12,7,4,Partly cloudy
441,2019-03-15 09:00:00,11,13,5,4,Partly cloudy
442,2019-03-15 10:00:00,13,14,5,4,Partly cloudy
443,2019-03-15 11:00:00,15,14,5,4,Partly cloudy
444,2019-03-15 12:00:00,16,15,4,5,Partly cloudy
445,2019-03-15 13:00:00,17,15,5,5,Partly cloudy
446,2019-03-15 14:00:00,18,15,5,5,Partly cloudy
447,2019-03-15 15:00:00,19,15,5,5,Partly cloudy
448,2019-03-15 16:00:00,19,15,6,5,Partly cloudy
449,2019-03-15 17:00:00,18,15,6,5,Partly cloudy
450,2019-03-15 18:00:00,18,14,6,5,Partly cloudy
451,2019-03-15 19:00:00,17,13,5,5,Partly cloudy
452,2019-03-15 20:00:00,16,12,5,5,Partly cloudy
453,2019-03-15 21:00:00,15,11,4,1,Partly cloudy
454,2019-03-15 22:00:00,15,10,19,1,Partly cloudy
455,2019-03-15 23:00:00,14,10,35,1,Partly cloudy
456,2019-03-16 00:00:00,13,9,50,1,Partly cloudy
457,2019-03-16 01:00:00,13,9,42,1,Partly cloudy
458,2019-03-16 02:00:00,13,9,34,1,Cloudy
459,2019-03-16 03:00:00,12,9,27,1,Cloudy
460,2019-03-16 04:00:00,12,9,25,1,Cloudy
461,2019-03-16 05:00:00,11,10,24,1,Partly cloudy
462,2019-03-16 06:00:00,11,10,22,4,Partly cloudy
463,2019-03-16 07:00:00,12,10,24,4,Partly cloudy
464,2019-03-16 08:00:00,12,10,25,4,Partly cloudy
465,2019-03-16 09:00:00,13,10,27,4,Partly cloudy
466,2019-03-16 10:00:00,15,10,23,4,Partly cloudy
467,2019-03-16 11:00:00,17,10,19,5,Partly cloudy
468,2019-03-16 12:00:00,18,10,14,5,Partly cloudy
469,2019-03-16 13:00:00,19,10,14,5,Partly cloudy
470,2019-03-16 14:00:00,20,10,13,6,Partly cloudy
471,2019-03-16 15:00:00,21,9,13,6,Partly cloudy
472,2019-03-16 16:00:00,21,9,10,6,Partly cloudy
473,2019-03-16 17:00:00,21,8,8,6,Partly cloudy
474,2019-03-16 18:00:00,21,7,5,6,Partly cloudy
475,2019-03-16 19:00:00,20,7,7,6,Partly cloudy
476,2019-03-16 20:00:00,19,6,9,5,Sunny
477,2019-03-16 21:00:00,19,6,11,1,Clear
478,2019-03-16 22:00:00,17,5,18,1,Clear
479,2019-03-16 23:00:00,16,4,24,1,Partly cloudy
480,2019-03-17 00:00:00,14,3,31,1,Partly cloudy
481,2019-03-17 01:00:00,14,3,28,1,Partly cloudy
482,2019-03-17 02:00:00,13,3,26,1,Partly cloudy
483,2019-03-17 03:00:00,12,2,23,1,Partly cloudy
484,2019-03-17 04:00:00,12,3,18,1,Partly cloudy
485,2019-03-17 05:00:00,11,3,13,1,Partly cloudy
486,2019-03-17 06:00:00,11,3,7,4,Partly cloudy
487,2019-03-17 07:00:00,12,3,14,4,Partly cloudy
488,2019-03-17 08:00:00,13,2,22,4,Partly cloudy
489,2019-03-17 09:00:00,14,1,29,4,Partly cloudy
490,2019-03-17 10:00:00,14,1,40,4,Partly cloudy
491,2019-03-17 11:00:00,15,1,52,5,Partly cloudy
492,2019-03-17 12:00:00,16,1,64,5,Partly cloudy
493,2019-03-17 13:00:00,16,2,73,5,Partly cloudy
494,2019-03-17 14:00:00,15,3,83,4,Patchy rain possible
495,2019-03-17 15:00:00,15,3,92,3,Patchy rain possible
496,2019-03-17 16:00:00,14,3,94,3,Patchy rain possible
497,2019-03-17 17:00:00,14,3,95,3,Light drizzle
498,2019-03-17 18:00:00,14,3,97,3,Light drizzle
499,2019-03-17 19:00:00,13,3,98,3,Light drizzle
500,2019-03-17 20:00:00,13,4,98,3,Light drizzle
501,2019-03-17 21:00:00,13,5,99,1,Light drizzle
502,2019-03-17 22:00:00,13,5,99,1,Light drizzle
503,2019-03-17 23:00:00,12,6,100,1,Light rain shower
504,2019-03-18 00:00:00,12,6,100,1,Light rain shower
505,2019-03-18 01:00:00,11,9,99,1,Light rain shower
506,2019-03-18 02:00:00,11,12,99,1,Light rain
507,2019-03-18 03:00:00,10,15,98,1,Light rain
508,2019-03-18 04:00:00,10,14,95,1,Light rain
509,2019-03-18 05:00:00,10,13,92,1,Heavy rain
510,2019-03-18 06:00:00,10,13,89,2,Heavy rain
511,2019-03-18 07:00:00,10,12,69,3,Heavy rain
512,2019-03-18 08:00:00,11,11,49,3,Patchy rain possible
513,2019-03-18 09:00:00,12,10,29,3,Patchy rain possible
514,2019-03-18 10:00:00,13,10,20,3,Patchy rain possible
515,2019-03-18 11:00:00,14,9,12,4,Partly cloudy
516,2019-03-18 12:00:00,15,9,4,5,Partly cloudy
517,2019-03-18 13:00:00,15,9,5,5,Partly cloudy
518,2019-03-18 14:00:00,16,9,6,5,Partly cloudy
519,2019-03-18 15:00:00,16,9,7,5,Partly cloudy
520,2019-03-18 16:00:00,16,11,8,5,Partly cloudy
521,2019-03-18 17:00:00,15,13,9,5,Partly cloudy
522,2019-03-18 18:00:00,15,15,10,4,Partly cloudy
523,2019-03-18 19:00:00,14,14,10,4,Partly cloudy
524,2019-03-18 20:00:00,13,13,9,4,Partly cloudy
525,2019-03-18 21:00:00,13,12,8,1,Partly cloudy
526,2019-03-18 22:00:00,12,10,10,1,Partly cloudy
527,2019-03-18 23:00:00,10,8,13,1,Partly cloudy
528,2019-03-19 00:00:00,9,6,16,1,Partly cloudy
529,2019-03-19 01:00:00,9,6,15,1,Partly cloudy
530,2019-03-19 02:00:00,8,5,14,1,Partly cloudy
531,2019-03-19 03:00:00,8,4,13,1,Partly cloudy
532,2019-03-19 04:00:00,8,4,11,1,Partly cloudy
533,2019-03-19 05:00:00,8,4,9,1,Partly cloudy
534,2019-03-19 06:00:00,8,3,8,3,Partly cloudy
535,2019-03-19 07:00:00,8,3,7,3,Partly cloudy
536,2019-03-19 08:00:00,9,3,7,3,Partly cloudy
537,2019-03-19 09:00:00,10,2,6,4,Partly cloudy
538,2019-03-19 10:00:00,11,3,5,4,Partly cloudy
539,2019-03-19 11:00:00,13,3,4,4,Partly cloudy
540,2019-03-19 12:00:00,14,4,3,4,Partly cloudy
541,2019-03-19 13:00:00,15,4,3,4,Partly cloudy
542,2019-03-19 14:00:00,15,5,3,4,Partly cloudy
543,2019-03-19 15:00:00,15,6,3,5,Partly cloudy
544,2019-03-19 16:00:00,14,7,4,4,Partly cloudy
545,2019-03-19 17:00:00,13,8,5,4,Partly cloudy
546,2019-03-19 18:00:00,13,8,6,4,Partly cloudy
547,2019-03-19 19:00:00,12,7,7,4,Partly cloudy
548,2019-03-19 20:00:00,11,7,8,4,Partly cloudy
549,2019-03-19 21:00:00,10,6,10,1,Partly cloudy
550,2019-03-19 22:00:00,10,6,14,1,Partly cloudy
551,2019-03-19 23:00:00,9,5,17,1,Partly cloudy
552,2019-03-20 00:00:00,9,5,21,1,Partly cloudy
553,2019-03-20 01:00:00,8,5,24,1,Partly cloudy
554,2019-03-20 02:00:00,8,6,27,1,Partly cloudy
555,2019-03-20 03:00:00,7,6,30,1,Partly cloudy
556,2019-03-20 04:00:00,7,6,31,1,Partly cloudy
557,2019-03-20 05:00:00,7,6,32,1,Partly cloudy
558,2019-03-20 06:00:00,7,5,33,3,Partly cloudy
559,2019-03-20 07:00:00,7,5,33,3,Partly cloudy
560,2019-03-20 08:00:00,8,5,33,3,Partly cloudy
561,2019-03-20 09:00:00,9,4,34,3,Partly cloudy
562,2019-03-20 10:00:00,11,4,28,4,Partly cloudy
563,2019-03-20 11:00:00,12,4,23,4,Partly cloudy
564,2019-03-20 12:00:00,13,3,17,4,Partly cloudy
565,2019-03-20 13:00:00,14,3,13,4,Partly cloudy
566,2019-03-20 14:00:00,15,3,8,5,Partly cloudy
567,2019-03-20 15:00:00,17,3,3,5,Partly cloudy
568,2019-03-20 16:00:00,16,3,3,5,Partly cloudy
569,2019-03-20 17:00:00,15,4,3,5,Sunny
570,2019-03-20 18:00:00,15,4,2,4,Sunny
571,2019-03-20 19:00:00,14,4,3,4,Sunny
572,2019-03-20 20:00:00,13,5,4,4,Partly cloudy
573,2019-03-20 21:00:00,11,5,5,1,Partly cloudy
574,2019-03-20 22:00:00,11,5,5,1,Partly cloudy
575,2019-03-20 23:00:00,10,5,6,1,Partly cloudy
576,2019-03-21 00:00:00,10,5,6,1,Partly cloudy
577,2019-03-21 01:00:00,10,5,5,1,Partly cloudy
578,2019-03-21 02:00:00,9,5,4,1,Partly cloudy
579,2019-03-21 03:00:00,9,5,3,1,Partly cloudy
580,2019-03-21 04:00:00,9,5,2,1,Partly cloudy
581,2019-03-21 05:00:00,9,5,1,1,Partly cloudy
582,2019-03-21 06:00:00,9,4,1,3,Partly cloudy
583,2019-03-21 07:00:00,10,4,0,4,Partly cloudy
584,2019-03-21 08:00:00,11,4,0,4,Sunny
585,2019-03-21 09:00:00,12,4,0,4,Sunny
586,2019-03-21 10:00:00,14,3,0,4,Sunny
587,2019-03-21 11:00:00,15,3,0,4,Sunny
588,2019-03-21 12:00:00,16,3,0,5,Sunny
589,2019-03-21 13:00:00,17,3,0,5,Sunny
590,2019-03-21 14:00:00,18,3,0,5,Sunny
591,2019-03-21 15:00:00,19,4,1,5,Sunny
592,2019-03-21 16:00:00,18,5,2,5,Sunny
593,2019-03-21 17:00:00,17,6,4,5,Partly cloudy
594,2019-03-21 18:00:00,17,6,6,5,Partly cloudy
595,2019-03-21 19:00:00,15,6,8,5,Partly cloudy
596,2019-03-21 20:00:00,14,5,11,4,Partly cloudy
597,2019-03-21 21:00:00,12,5,13,1,Partly cloudy
598,2019-03-21 22:00:00,11,4,14,1,Partly cloudy
599,2019-03-21 23:00:00,11,3,15,1,Partly cloudy
600,2019-03-22 00:00:00,10,2,17,1,Partly cloudy
601,2019-03-22 01:00:00,10,2,15,1,Partly cloudy
602,2019-03-22 02:00:00,10,1,14,1,Partly cloudy
603,2019-03-22 03:00:00,9,1,12,1,Partly cloudy
604,2019-03-22 04:00:00,10,1,9,1,Partly cloudy
605,2019-03-22 05:00:00,10,2,6,1,Partly cloudy
606,2019-03-22 06:00:00,10,2,3,4,Partly cloudy
607,2019-03-22 07:00:00,12,3,2,4,Partly cloudy
608,2019-03-22 08:00:00,13,3,1,4,Sunny
609,2019-03-22 09:00:00,14,4,0,4,Sunny
610,2019-03-22 10:00:00,16,4,1,5,Sunny
611,2019-03-22 11:00:00,17,4,1,5,Sunny
612,2019-03-22 12:00:00,18,4,2,5,Sunny
613,2019-03-22 13:00:00,19,4,4,5,Sunny
614,2019-03-22 14:00:00,19,4,7,5,Partly cloudy
615,2019-03-22 15:00:00,20,4,10,5,Partly cloudy
616,2019-03-22 16:00:00,19,4,11,5,Partly cloudy
617,2019-03-22 17:00:00,18,5,12,5,Partly cloudy
618,2019-03-22 18:00:00,17,5,13,5,Partly cloudy
619,2019-03-22 19:00:00,16,5,22,5,Partly cloudy
620,2019-03-22 20:00:00,15,4,30,4,Partly cloudy
621,2019-03-22 21:00:00,14,4,39,1,Partly cloudy
622,2019-03-22 22:00:00,13,4,37,1,Partly cloudy
623,2019-03-22 23:00:00,13,3,34,1,Partly cloudy
624,2019-03-23 00:00:00,12,3,31,1,Partly cloudy
625,2019-03-23 01:00:00,12,3,23,1,Partly cloudy
626,2019-03-23 02:00:00,13,3,15,1,Partly cloudy
627,2019-03-23 03:00:00,13,3,7,1,Partly cloudy
628,2019-03-23 04:00:00,13,3,4,1,Partly cloudy
629,2019-03-23 05:00:00,13,3,2,1,Clear
630,2019-03-23 06:00:00,13,3,0,4,Sunny
631,2019-03-23 07:00:00,14,3,0,4,Sunny
632,2019-03-23 08:00:00,15,2,0,5,Sunny
633,2019-03-23 09:00:00,17,2,0,5,Sunny
634,2019-03-23 10:00:00,18,2,1,5,Sunny
635,2019-03-23 11:00:00,19,2,1,5,Sunny
636,2019-03-23 12:00:00,21,2,2,6,Sunny
637,2019-03-23 13:00:00,22,2,1,6,Sunny
638,2019-03-23 14:00:00,23,3,1,6,Partly cloudy
639,2019-03-23 15:00:00,24,3,1,6,Partly cloudy
640,2019-03-23 16:00:00,23,3,1,6,Partly cloudy
641,2019-03-23 17:00:00,23,3,0,6,Sunny
642,2019-03-23 18:00:00,22,4,0,6,Sunny
643,2019-03-23 19:00:00,21,3,0,6,Sunny
644,2019-03-23 20:00:00,20,3,0,6,Sunny
645,2019-03-23 21:00:00,19,3,0,1,Clear
646,2019-03-23 22:00:00,19,3,0,1,Clear
647,2019-03-23 23:00:00,18,3,1,1,Clear
648,2019-03-24 00:00:00,17,3,1,1,Clear
649,2019-03-24 01:00:00,16,3,8,1,Clear
650,2019-03-24 02:00:00,15,3,15,1,Partly cloudy
651,2019-03-24 03:00:00,14,3,22,1,Partly cloudy
652,2019-03-24 04:00:00,13,3,36,1,Partly cloudy
653,2019-03-24 05:00:00,13,3,51,1,Partly cloudy
654,2019-03-24 06:00:00,12,3,65,4,Partly cloudy
655,2019-03-24 07:00:00,13,3,70,4,Partly cloudy
656,2019-03-24 08:00:00,14,4,74,3,Cloudy
657,2019-03-24 09:00:00,15,4,79,4,Cloudy
658,2019-03-24 10:00:00,17,5,66,4,Cloudy
659,2019-03-24 11:00:00,19,5,53,4,Cloudy
660,2019-03-24 12:00:00,20,5,40,5,Cloudy
661,2019-03-24 13:00:00,21,5,36,5,Cloudy
662,2019-03-24 14:00:00,22,5,32,6,Partly cloudy
663,2019-03-24 15:00:00,22,5,28,6,Partly cloudy
664,2019-03-24 16:00:00,21,5,29,6,Partly cloudy
665,2019-03-24 17:00:00,21,5,29,6,Partly cloudy
666,2019-03-24 18:00:00,20,4,30,5,Partly cloudy
667,2019-03-24 19:00:00,19,4,26,5,Partly cloudy
668,2019-03-24 20:00:00,18,4,22,5,Partly cloudy
669,2019-03-24 21:00:00,17,4,18,1,Partly cloudy
670,2019-03-24 22:00:00,17,4,14,1,Partly cloudy
671,2019-03-24 23:00:00,16,4,10,1,Partly cloudy
672,2019-03-25 00:00:00,16,4,7,1,Partly cloudy
673,2019-03-25 01:00:00,15,5,6,1,Partly cloudy
674,2019-03-25 02:00:00,15,6,5,1,Partly cloudy
675,2019-03-25 03:00:00,14,6,4,1,Partly cloudy
676,2019-03-25 04:00:00,14,6,4,1,Partly cloudy
677,2019-03-25 05:00:00,13,6,4,1,Partly cloudy
678,2019-03-25 06:00:00,13,6,5,4,Partly cloudy
679,2019-03-25 07:00:00,14,7,5,4,Partly cloudy
680,2019-03-25 08:00:00,15,7,5,4,Partly cloudy
681,2019-03-25 09:00:00,16,8,6,5,Partly cloudy
682,2019-03-25 10:00:00,17,9,5,5,Partly cloudy
683,2019-03-25 11:00:00,19,9,4,5,Partly cloudy
684,2019-03-25 12:00:00,20,10,4,6,Partly cloudy
685,2019-03-25 13:00:00,21,11,6,6,Partly cloudy
686,2019-03-25 14:00:00,21,12,8,6,Partly cloudy
687,2019-03-25 15:00:00,22,13,10,6,Partly cloudy
688,2019-03-25 16:00:00,21,15,10,6,Partly cloudy
689,2019-03-25 17:00:00,21,17,11,6,Partly cloudy
690,2019-03-25 18:00:00,20,19,12,6,Partly cloudy
691,2019-03-25 19:00:00,19,22,10,5,Partly cloudy
692,2019-03-25 20:00:00,19,26,8,5,Partly cloudy
693,2019-03-25 21:00:00,18,29,6,1,Partly cloudy
694,2019-03-25 22:00:00,16,26,25,1,Partly cloudy
695,2019-03-25 23:00:00,15,22,44,1,Partly cloudy
